,NodesPerBlock,Computed_EdgeCount,Computed_NodeCount,Real_EdgeCount,Real_NodeCount,Matches,MatchCount,Selection Method,Configuration,StructureLearningMethod
0,10.0,34.0,30.0,2.0,4.0,"[('P61981', 'P63027')]",1.0,OnPLs,No Config,HillClimb
1,10.0,34.0,30.0,2.0,4.0,"[('P61981', 'P63027')]",1.0,OnPLs,No Config,HillClimb
2,10.0,34.0,30.0,2.0,4.0,"[('P61981', 'P63027')]",1.0,OnPLs,No Config,HillClimb
3,10.0,34.0,30.0,2.0,4.0,"[('P61981', 'P63027')]",1.0,OnPLs,No Config,HillClimb
4,10.0,34.0,30.0,2.0,4.0,"[('P61981', 'P63027')]",1.0,OnPLs,No Config,HillClimb
5,10.0,34.0,30.0,2.0,4.0,"[('P61981', 'P63027')]",1.0,OnPLs,No Config,HillClimb
6,10.0,34.0,30.0,2.0,4.0,"[('P61981', 'P63027')]",1.0,OnPLs,No Config,HillClimb
7,10.0,34.0,30.0,2.0,4.0,"[('P61981', 'P63027')]",1.0,OnPLs,No Config,HillClimb
8,10.0,34.0,30.0,2.0,4.0,"[('P61981', 'P63027')]",1.0,OnPLs,No Config,HillClimb
9,10.0,34.0,30.0,2.0,4.0,"[('P61981', 'P63027')]",1.0,OnPLs,No Config,HillClimb
10,10.0,34.0,30.0,2.0,4.0,"[('P61981', 'P63027')]",1.0,OnPLs,No Config,HillClimb
11,10.0,34.0,30.0,2.0,4.0,"[('P61981', 'P63027')]",1.0,OnPLs,No Config,HillClimb
12,10.0,34.0,30.0,2.0,4.0,"[('P61981', 'P63027')]",1.0,OnPLs,No Config,HillClimb
13,10.0,34.0,30.0,2.0,4.0,"[('P61981', 'P63027')]",1.0,OnPLs,No Config,HillClimb
14,10.0,34.0,30.0,2.0,4.0,"[('P61981', 'P63027')]",1.0,OnPLs,No Config,HillClimb
15,10.0,34.0,30.0,2.0,4.0,"[('P61981', 'P63027')]",1.0,OnPLs,No Config,HillClimb
16,10.0,34.0,30.0,2.0,4.0,"[('P61981', 'P63027')]",1.0,OnPLs,No Config,HillClimb
17,10.0,34.0,30.0,2.0,4.0,"[('P61981', 'P63027')]",1.0,OnPLs,No Config,HillClimb
18,10.0,34.0,30.0,2.0,4.0,"[('P61981', 'P63027')]",1.0,OnPLs,No Config,HillClimb
19,10.0,34.0,30.0,2.0,4.0,"[('P61981', 'P63027')]",1.0,OnPLs,No Config,HillClimb
20,10.0,34.0,30.0,2.0,4.0,"[('P61981', 'P63027')]",1.0,OnPLs,No Config,HillClimb
21,10.0,34.0,30.0,2.0,4.0,"[('P61981', 'P63027')]",1.0,OnPLs,No Config,HillClimb
22,10.0,34.0,30.0,2.0,4.0,"[('P61981', 'P63027')]",1.0,OnPLs,No Config,HillClimb
23,10.0,34.0,30.0,2.0,4.0,"[('P61981', 'P63027')]",1.0,OnPLs,No Config,HillClimb
24,10.0,34.0,30.0,2.0,4.0,"[('P61981', 'P63027')]",1.0,OnPLs,No Config,HillClimb
25,10.0,34.0,30.0,2.0,4.0,"[('P61981', 'P63027')]",1.0,OnPLs,No Config,HillClimb
26,10.0,34.0,30.0,2.0,4.0,"[('P61981', 'P63027')]",1.0,OnPLs,No Config,HillClimb
27,10.0,34.0,30.0,2.0,4.0,"[('P61981', 'P63027')]",1.0,OnPLs,No Config,HillClimb
28,10.0,34.0,30.0,2.0,4.0,"[('P61981', 'P63027')]",1.0,OnPLs,No Config,HillClimb
29,10.0,34.0,30.0,2.0,4.0,"[('P61981', 'P63027')]",1.0,OnPLs,No Config,HillClimb
30,10.0,34.0,30.0,2.0,4.0,"[('P61981', 'P63027')]",1.0,OnPLs,No Config,HillClimb
31,10.0,34.0,30.0,2.0,4.0,"[('P61981', 'P63027')]",1.0,OnPLs,No Config,HillClimb
32,10.0,34.0,30.0,2.0,4.0,"[('P61981', 'P63027')]",1.0,OnPLs,No Config,HillClimb
33,10.0,34.0,30.0,2.0,4.0,"[('P61981', 'P63027')]",1.0,OnPLs,No Config,HillClimb
34,10.0,34.0,30.0,2.0,4.0,"[('P61981', 'P63027')]",1.0,OnPLs,No Config,HillClimb
35,10.0,34.0,30.0,2.0,4.0,"[('P61981', 'P63027')]",1.0,OnPLs,No Config,HillClimb
36,10.0,34.0,30.0,2.0,4.0,"[('P61981', 'P63027')]",1.0,OnPLs,No Config,HillClimb
37,10.0,34.0,30.0,2.0,4.0,"[('P61981', 'P63027')]",1.0,OnPLs,No Config,HillClimb
38,10.0,34.0,30.0,2.0,4.0,"[('P61981', 'P63027')]",1.0,OnPLs,No Config,HillClimb
39,10.0,34.0,30.0,2.0,4.0,"[('P61981', 'P63027')]",1.0,OnPLs,No Config,HillClimb
40,10.0,34.0,30.0,2.0,4.0,"[('P61981', 'P63027')]",1.0,OnPLs,No Config,HillClimb
41,10.0,34.0,30.0,2.0,4.0,"[('P61981', 'P63027')]",1.0,OnPLs,No Config,HillClimb
42,10.0,34.0,30.0,2.0,4.0,"[('P61981', 'P63027')]",1.0,OnPLs,No Config,HillClimb
43,10.0,34.0,30.0,2.0,4.0,"[('P61981', 'P63027')]",1.0,OnPLs,No Config,HillClimb
44,10.0,34.0,30.0,2.0,4.0,"[('P61981', 'P63027')]",1.0,OnPLs,No Config,HillClimb
45,10.0,34.0,30.0,2.0,4.0,"[('P61981', 'P63027')]",1.0,OnPLs,No Config,HillClimb
46,10.0,34.0,30.0,2.0,4.0,"[('P61981', 'P63027')]",1.0,OnPLs,No Config,HillClimb
47,10.0,34.0,30.0,2.0,4.0,"[('P61981', 'P63027')]",1.0,OnPLs,No Config,HillClimb
48,10.0,34.0,30.0,2.0,4.0,"[('P61981', 'P63027')]",1.0,OnPLs,No Config,HillClimb
49,10.0,34.0,30.0,2.0,4.0,"[('P61981', 'P63027')]",1.0,OnPLs,No Config,HillClimb
50,10.0,34.0,30.0,2.0,4.0,"[('P61981', 'P63027')]",1.0,OnPLs,No Config,HillClimb
51,10.0,34.0,30.0,2.0,4.0,"[('P61981', 'P63027')]",1.0,OnPLs,No Config,HillClimb
52,10.0,34.0,30.0,2.0,4.0,"[('P61981', 'P63027')]",1.0,OnPLs,No Config,HillClimb
53,10.0,34.0,30.0,2.0,4.0,"[('P61981', 'P63027')]",1.0,OnPLs,No Config,HillClimb
54,10.0,34.0,30.0,2.0,4.0,"[('P61981', 'P63027')]",1.0,OnPLs,No Config,HillClimb
55,10.0,34.0,30.0,2.0,4.0,"[('P61981', 'P63027')]",1.0,OnPLs,No Config,HillClimb
56,10.0,34.0,30.0,2.0,4.0,"[('P61981', 'P63027')]",1.0,OnPLs,No Config,HillClimb
57,10.0,34.0,30.0,2.0,4.0,"[('P61981', 'P63027')]",1.0,OnPLs,No Config,HillClimb
58,10.0,34.0,30.0,2.0,4.0,"[('P61981', 'P63027')]",1.0,OnPLs,No Config,HillClimb
59,10.0,34.0,30.0,2.0,4.0,"[('P61981', 'P63027')]",1.0,OnPLs,No Config,HillClimb
60,10.0,34.0,30.0,2.0,4.0,"[('P61981', 'P63027')]",1.0,OnPLs,No Config,HillClimb
61,10.0,34.0,30.0,2.0,4.0,"[('P61981', 'P63027')]",1.0,OnPLs,No Config,HillClimb
62,10.0,34.0,30.0,2.0,4.0,"[('P61981', 'P63027')]",1.0,OnPLs,No Config,HillClimb
63,10.0,34.0,30.0,2.0,4.0,"[('P61981', 'P63027')]",1.0,OnPLs,No Config,HillClimb
64,10.0,34.0,30.0,2.0,4.0,"[('P61981', 'P63027')]",1.0,OnPLs,No Config,HillClimb
65,10.0,34.0,30.0,2.0,4.0,"[('P61981', 'P63027')]",1.0,OnPLs,No Config,HillClimb
66,10.0,34.0,30.0,2.0,4.0,"[('P61981', 'P63027')]",1.0,OnPLs,No Config,HillClimb
67,10.0,34.0,30.0,2.0,4.0,"[('P61981', 'P63027')]",1.0,OnPLs,No Config,HillClimb
68,10.0,34.0,30.0,2.0,4.0,"[('P61981', 'P63027')]",1.0,OnPLs,No Config,HillClimb
69,10.0,34.0,30.0,2.0,4.0,"[('P61981', 'P63027')]",1.0,OnPLs,No Config,HillClimb
70,10.0,34.0,30.0,2.0,4.0,"[('P61981', 'P63027')]",1.0,OnPLs,No Config,HillClimb
71,10.0,34.0,30.0,2.0,4.0,"[('P61981', 'P63027')]",1.0,OnPLs,No Config,HillClimb
72,10.0,34.0,30.0,2.0,4.0,"[('P61981', 'P63027')]",1.0,OnPLs,No Config,HillClimb
73,10.0,34.0,30.0,2.0,4.0,"[('P61981', 'P63027')]",1.0,OnPLs,No Config,HillClimb
74,10.0,34.0,30.0,2.0,4.0,"[('P61981', 'P63027')]",1.0,OnPLs,No Config,HillClimb
75,10.0,34.0,30.0,2.0,4.0,"[('P61981', 'P63027')]",1.0,OnPLs,No Config,HillClimb
76,10.0,34.0,30.0,2.0,4.0,"[('P61981', 'P63027')]",1.0,OnPLs,No Config,HillClimb
77,10.0,34.0,30.0,2.0,4.0,"[('P61981', 'P63027')]",1.0,OnPLs,No Config,HillClimb
78,10.0,34.0,30.0,2.0,4.0,"[('P61981', 'P63027')]",1.0,OnPLs,No Config,HillClimb
79,10.0,34.0,30.0,2.0,4.0,"[('P61981', 'P63027')]",1.0,OnPLs,No Config,HillClimb
80,10.0,34.0,30.0,2.0,4.0,"[('P61981', 'P63027')]",1.0,OnPLs,No Config,HillClimb
81,10.0,34.0,30.0,2.0,4.0,"[('P61981', 'P63027')]",1.0,OnPLs,No Config,HillClimb
82,10.0,34.0,30.0,2.0,4.0,"[('P61981', 'P63027')]",1.0,OnPLs,No Config,HillClimb
83,10.0,34.0,30.0,2.0,4.0,"[('P61981', 'P63027')]",1.0,OnPLs,No Config,HillClimb
84,10.0,34.0,30.0,2.0,4.0,"[('P61981', 'P63027')]",1.0,OnPLs,No Config,HillClimb
85,10.0,34.0,30.0,2.0,4.0,"[('P61981', 'P63027')]",1.0,OnPLs,No Config,HillClimb
86,10.0,34.0,30.0,2.0,4.0,"[('P61981', 'P63027')]",1.0,OnPLs,No Config,HillClimb
87,10.0,34.0,30.0,2.0,4.0,"[('P61981', 'P63027')]",1.0,OnPLs,No Config,HillClimb
88,10.0,34.0,30.0,2.0,4.0,"[('P61981', 'P63027')]",1.0,OnPLs,No Config,HillClimb
89,10.0,34.0,30.0,2.0,4.0,"[('P61981', 'P63027')]",1.0,OnPLs,No Config,HillClimb
90,10.0,34.0,30.0,2.0,4.0,"[('P61981', 'P63027')]",1.0,OnPLs,No Config,HillClimb
91,10.0,34.0,30.0,2.0,4.0,"[('P61981', 'P63027')]",1.0,OnPLs,No Config,HillClimb
92,10.0,34.0,30.0,2.0,4.0,"[('P61981', 'P63027')]",1.0,OnPLs,No Config,HillClimb
93,10.0,34.0,30.0,2.0,4.0,"[('P61981', 'P63027')]",1.0,OnPLs,No Config,HillClimb
94,10.0,34.0,30.0,2.0,4.0,"[('P61981', 'P63027')]",1.0,OnPLs,No Config,HillClimb
95,10.0,34.0,30.0,2.0,4.0,"[('P61981', 'P63027')]",1.0,OnPLs,No Config,HillClimb
96,10.0,34.0,30.0,2.0,4.0,"[('P61981', 'P63027')]",1.0,OnPLs,No Config,HillClimb
97,10.0,34.0,30.0,2.0,4.0,"[('P61981', 'P63027')]",1.0,OnPLs,No Config,HillClimb
98,10.0,34.0,30.0,2.0,4.0,"[('P61981', 'P63027')]",1.0,OnPLs,No Config,HillClimb
99,10.0,34.0,30.0,2.0,4.0,"[('P61981', 'P63027')]",1.0,OnPLs,No Config,HillClimb
100,10.0,34.0,30.0,2.0,4.0,"[('P61981', 'P63027')]",1.0,OnPLs,No Config,HillClimb
101,15.0,50.0,45.0,14.0,17.0,"[('P49418', 'Q9BY11'), ('P61981', 'Q9Y2J2'), ('ENSG00000109320', 'ENSG00000166165')]",3.0,OnPLs,No Config,HillClimb
102,15.0,50.0,45.0,14.0,17.0,"[('P49418', 'Q9BY11'), ('P61981', 'Q9Y2J2')]",2.0,OnPLs,No Config,HillClimb
103,25.0,83.0,75.0,32.0,28.0,"[('P49418', 'Q9BY11'), ('P61981', 'Q9Y2J2')]",2.0,OnPLs,No Config,HillClimb
104,25.0,84.0,75.0,32.0,28.0,"[('P49418', 'Q9BY11'), ('P61981', 'Q9Y2J2')]",2.0,OnPLs,No Config,HillClimb
105,25.0,84.0,75.0,32.0,28.0,"[('P49418', 'Q9BY11'), ('P61981', 'Q9Y2J2')]",2.0,OnPLs,No Config,HillClimb
106,25.0,83.0,75.0,32.0,28.0,"[('P49418', 'Q9BY11'), ('P61981', 'Q9Y2J2')]",2.0,OnPLs,No Config,HillClimb
107,25.0,84.0,75.0,32.0,28.0,"[('P49418', 'Q9BY11'), ('P61981', 'Q9Y2J2')]",2.0,OnPLs,No Config,HillClimb
108,25.0,83.0,75.0,32.0,28.0,"[('P49418', 'Q9BY11'), ('P61981', 'Q9Y2J2')]",2.0,OnPLs,No Config,HillClimb
109,25.0,84.0,75.0,32.0,28.0,"[('ENSG00000106089', 'P63027'), ('P49418', 'Q9BY11'), ('P61981', 'Q9Y2J2')]",3.0,OnPLs,No Config,HillClimb
110,25.0,83.0,75.0,32.0,28.0,"[('P49418', 'Q9BY11'), ('P61981', 'Q9Y2J2')]",2.0,OnPLs,No Config,HillClimb
111,25.0,83.0,75.0,32.0,28.0,"[('P49418', 'Q9BY11'), ('P61981', 'Q9Y2J2')]",2.0,OnPLs,No Config,HillClimb
112,25.0,83.0,75.0,32.0,28.0,"[('P49418', 'Q9BY11'), ('P61981', 'Q9Y2J2')]",2.0,OnPLs,No Config,HillClimb
113,25.0,84.0,75.0,32.0,28.0,"[('P49418', 'Q9BY11'), ('P61981', 'Q9Y2J2'), ('ENSG00000109320', 'ENSG00000166165')]",3.0,OnPLs,No Config,HillClimb
114,25.0,84.0,75.0,32.0,28.0,"[('P49418', 'Q9BY11'), ('P61981', 'Q9Y2J2')]",2.0,OnPLs,No Config,HillClimb
115,25.0,84.0,75.0,32.0,28.0,"[('P49418', 'Q9BY11'), ('P61981', 'Q9Y2J2')]",2.0,OnPLs,No Config,HillClimb
116,25.0,83.0,75.0,32.0,28.0,"[('P49418', 'Q9BY11'), ('P61981', 'Q9Y2J2')]",2.0,OnPLs,No Config,HillClimb
117,25.0,84.0,75.0,32.0,28.0,"[('P49418', 'Q9BY11'), ('P61981', 'Q9Y2J2')]",2.0,OnPLs,No Config,HillClimb
118,25.0,83.0,75.0,32.0,28.0,"[('P49418', 'Q9BY11'), ('P61981', 'Q9Y2J2')]",2.0,OnPLs,No Config,HillClimb
119,25.0,84.0,75.0,32.0,28.0,"[('P49418', 'Q9BY11'), ('P61981', 'Q9Y2J2')]",2.0,OnPLs,No Config,HillClimb
120,25.0,83.0,75.0,32.0,28.0,"[('P49418', 'Q9BY11'), ('P61981', 'Q9Y2J2')]",2.0,OnPLs,No Config,HillClimb
121,25.0,83.0,75.0,32.0,28.0,"[('ENSG00000149311', 'P63027'), ('P49418', 'Q9BY11'), ('P61981', 'Q9Y2J2'), ('ENSG00000106089', 'ENSG00000089169')]",4.0,OnPLs,No Config,HillClimb
122,25.0,84.0,75.0,32.0,28.0,"[('P49418', 'Q9BY11'), ('P61981', 'Q9Y2J2')]",2.0,OnPLs,No Config,HillClimb
123,25.0,83.0,75.0,32.0,28.0,"[('P49418', 'Q9BY11'), ('P61981', 'Q9Y2J2')]",2.0,OnPLs,No Config,HillClimb
124,25.0,84.0,75.0,32.0,28.0,"[('P49418', 'Q9BY11'), ('P61981', 'Q9Y2J2')]",2.0,OnPLs,No Config,HillClimb
125,25.0,84.0,75.0,32.0,28.0,"[('P49418', 'Q9BY11'), ('P61981', 'Q9Y2J2')]",2.0,OnPLs,No Config,HillClimb
126,25.0,83.0,75.0,32.0,28.0,"[('ENSG00000106089', 'P63027'), ('P49418', 'Q9BY11'), ('P61981', 'Q9Y2J2')]",3.0,OnPLs,No Config,HillClimb
127,25.0,83.0,75.0,32.0,28.0,"[('P49418', 'Q9BY11'), ('P61981', 'Q9Y2J2')]",2.0,OnPLs,No Config,HillClimb
128,25.0,83.0,75.0,32.0,28.0,"[('P49418', 'Q9BY11'), ('P61981', 'Q9Y2J2')]",2.0,OnPLs,No Config,HillClimb
129,25.0,83.0,75.0,32.0,28.0,"[('P49418', 'Q9BY11'), ('P61981', 'Q9Y2J2')]",2.0,OnPLs,No Config,HillClimb
130,25.0,83.0,75.0,32.0,28.0,"[('P49418', 'Q9BY11'), ('P61981', 'Q9Y2J2'), ('ENSG00000106089', 'ENSG00000089169')]",3.0,OnPLs,No Config,HillClimb
131,25.0,84.0,75.0,32.0,28.0,"[('P49418', 'Q9BY11'), ('P61981', 'Q9Y2J2')]",2.0,OnPLs,No Config,HillClimb
132,25.0,83.0,75.0,32.0,28.0,"[('P49418', 'Q9BY11'), ('P61981', 'Q9Y2J2')]",2.0,OnPLs,No Config,HillClimb
133,25.0,83.0,75.0,32.0,28.0,"[('P49418', 'Q9BY11'), ('P61981', 'Q9Y2J2')]",2.0,OnPLs,No Config,HillClimb
134,25.0,83.0,75.0,32.0,28.0,"[('P49418', 'Q9BY11'), ('P61981', 'Q9Y2J2')]",2.0,OnPLs,No Config,HillClimb
135,25.0,83.0,75.0,32.0,28.0,"[('P49418', 'Q9BY11'), ('P61981', 'Q9Y2J2')]",2.0,OnPLs,No Config,HillClimb
136,25.0,84.0,75.0,32.0,28.0,"[('P49418', 'Q9BY11'), ('P61981', 'Q9Y2J2')]",2.0,OnPLs,No Config,HillClimb
137,25.0,84.0,75.0,32.0,28.0,"[('P49418', 'Q9BY11'), ('P61981', 'Q9Y2J2'), ('ENSG00000109320', 'ENSG00000117335')]",3.0,OnPLs,No Config,HillClimb
138,25.0,84.0,75.0,32.0,28.0,"[('P49418', 'Q9BY11'), ('P61981', 'Q9Y2J2')]",2.0,OnPLs,No Config,HillClimb
139,25.0,83.0,75.0,32.0,28.0,"[('P49418', 'Q9BY11'), ('P61981', 'Q9Y2J2')]",2.0,OnPLs,No Config,HillClimb
140,25.0,84.0,75.0,32.0,28.0,"[('ENSG00000149311', 'P63027'), ('P49418', 'Q9BY11'), ('P61981', 'Q9Y2J2'), ('ENSG00000109320', 'ENSG00000117335')]",4.0,OnPLs,No Config,HillClimb
141,25.0,84.0,75.0,32.0,28.0,"[('P49418', 'Q9BY11'), ('P61981', 'Q9Y2J2')]",2.0,OnPLs,No Config,HillClimb
142,25.0,84.0,75.0,32.0,28.0,"[('P49418', 'Q9BY11'), ('P61981', 'Q9Y2J2')]",2.0,OnPLs,No Config,HillClimb
143,25.0,83.0,75.0,32.0,28.0,"[('P49418', 'Q9BY11'), ('P61981', 'Q9Y2J2')]",2.0,OnPLs,No Config,HillClimb
144,25.0,84.0,75.0,32.0,28.0,"[('P49418', 'Q9BY11'), ('P61981', 'Q9Y2J2')]",2.0,OnPLs,No Config,HillClimb
145,25.0,83.0,75.0,32.0,28.0,"[('P49418', 'Q9BY11'), ('P61981', 'Q9Y2J2')]",2.0,OnPLs,No Config,HillClimb
146,25.0,83.0,75.0,32.0,28.0,"[('P49418', 'Q9BY11'), ('P61981', 'Q9Y2J2')]",2.0,OnPLs,No Config,HillClimb
147,25.0,84.0,75.0,32.0,28.0,"[('ENSG00000149311', 'ENSG00000111602'), ('P49418', 'Q9BY11'), ('P61981', 'Q9Y2J2')]",3.0,OnPLs,No Config,HillClimb
148,25.0,83.0,75.0,32.0,28.0,"[('P49418', 'Q9BY11'), ('P61981', 'Q9Y2J2')]",2.0,OnPLs,No Config,HillClimb
149,25.0,83.0,75.0,32.0,28.0,"[('P49418', 'Q9BY11'), ('P61981', 'Q9Y2J2')]",2.0,OnPLs,No Config,HillClimb
150,25.0,84.0,75.0,32.0,28.0,"[('P49418', 'Q9BY11'), ('P61981', 'Q9Y2J2')]",2.0,OnPLs,No Config,HillClimb
151,25.0,83.0,75.0,32.0,28.0,"[('P49418', 'Q9BY11'), ('P61981', 'Q9Y2J2'), ('ENSG00000106089', 'ENSG00000089169')]",3.0,OnPLs,No Config,HillClimb
152,25.0,83.0,75.0,32.0,28.0,"[('P49418', 'Q9BY11'), ('P61981', 'Q9Y2J2'), ('ENSG00000109320', 'ENSG00000166165')]",3.0,OnPLs,No Config,HillClimb
153,25.0,83.0,75.0,32.0,28.0,"[('P49418', 'Q9BY11'), ('P61981', 'Q9Y2J2')]",2.0,OnPLs,No Config,HillClimb
154,25.0,83.0,75.0,32.0,28.0,"[('ENSG00000106089', 'P63027'), ('P49418', 'Q9BY11'), ('P61981', 'Q9Y2J2')]",3.0,OnPLs,No Config,HillClimb
155,25.0,83.0,75.0,32.0,28.0,"[('P49418', 'Q9BY11'), ('P61981', 'Q9Y2J2'), ('ENSG00000149311', 'ENSG00000198604')]",3.0,OnPLs,No Config,HillClimb
156,25.0,83.0,75.0,32.0,28.0,"[('P49418', 'Q9BY11'), ('P61981', 'Q9Y2J2')]",2.0,OnPLs,No Config,HillClimb
157,25.0,83.0,75.0,32.0,28.0,"[('P49418', 'Q9BY11'), ('P61981', 'Q9Y2J2')]",2.0,OnPLs,No Config,HillClimb
158,25.0,84.0,75.0,32.0,28.0,"[('P49418', 'Q9BY11'), ('P61981', 'Q9Y2J2')]",2.0,OnPLs,No Config,HillClimb
159,25.0,83.0,75.0,32.0,28.0,"[('P49418', 'Q9BY11'), ('P61981', 'Q9Y2J2')]",2.0,OnPLs,No Config,HillClimb
160,25.0,84.0,75.0,32.0,28.0,"[('P49418', 'Q9BY11'), ('P61981', 'Q9Y2J2'), ('ENSG00000106089', 'ENSG00000089169')]",3.0,OnPLs,No Config,HillClimb
161,25.0,83.0,75.0,32.0,28.0,"[('P49418', 'Q9BY11'), ('P61981', 'Q9Y2J2')]",2.0,OnPLs,No Config,HillClimb
162,25.0,83.0,75.0,32.0,28.0,"[('P49418', 'Q9BY11'), ('P61981', 'Q9Y2J2')]",2.0,OnPLs,No Config,HillClimb
163,25.0,84.0,75.0,32.0,28.0,"[('ENSG00000106089', 'P63027'), ('P49418', 'Q9BY11'), ('P61981', 'Q9Y2J2')]",3.0,OnPLs,No Config,HillClimb
164,25.0,83.0,75.0,32.0,28.0,"[('P49418', 'Q9BY11'), ('P61981', 'Q9Y2J2')]",2.0,OnPLs,No Config,HillClimb
165,25.0,84.0,75.0,32.0,28.0,"[('P49418', 'Q9BY11'), ('P61981', 'Q9Y2J2')]",2.0,OnPLs,No Config,HillClimb
166,25.0,83.0,75.0,32.0,28.0,"[('P49418', 'Q9BY11'), ('P61981', 'Q9Y2J2')]",2.0,OnPLs,No Config,HillClimb
167,25.0,83.0,75.0,32.0,28.0,"[('P49418', 'Q9BY11'), ('P61981', 'Q9Y2J2')]",2.0,OnPLs,No Config,HillClimb
168,25.0,83.0,75.0,32.0,28.0,"[('P49418', 'Q9BY11'), ('P61981', 'Q9Y2J2')]",2.0,OnPLs,No Config,HillClimb
169,25.0,84.0,75.0,32.0,28.0,"[('P49418', 'Q9BY11'), ('P61981', 'Q9Y2J2')]",2.0,OnPLs,No Config,HillClimb
170,25.0,84.0,75.0,32.0,28.0,"[('P49418', 'Q9BY11'), ('P61981', 'Q9Y2J2')]",2.0,OnPLs,No Config,HillClimb
171,25.0,84.0,75.0,32.0,28.0,"[('P49418', 'Q9BY11'), ('P61981', 'Q9Y2J2')]",2.0,OnPLs,No Config,HillClimb
172,25.0,84.0,75.0,32.0,28.0,"[('P49418', 'Q9BY11'), ('P61981', 'Q9Y2J2')]",2.0,OnPLs,No Config,HillClimb
173,25.0,84.0,75.0,32.0,28.0,"[('P49418', 'Q9BY11'), ('P61981', 'Q9Y2J2')]",2.0,OnPLs,No Config,HillClimb
174,25.0,84.0,75.0,32.0,28.0,"[('P49418', 'Q9BY11'), ('P61981', 'Q9Y2J2')]",2.0,OnPLs,No Config,HillClimb
175,25.0,83.0,75.0,32.0,28.0,"[('P49418', 'Q9BY11'), ('P61981', 'Q9Y2J2')]",2.0,OnPLs,No Config,HillClimb
176,25.0,83.0,75.0,32.0,28.0,"[('P49418', 'Q9BY11'), ('P61981', 'Q9Y2J2')]",2.0,OnPLs,No Config,HillClimb
177,25.0,83.0,75.0,32.0,28.0,"[('P49418', 'Q9BY11'), ('P61981', 'Q9Y2J2')]",2.0,OnPLs,No Config,HillClimb
178,25.0,83.0,75.0,32.0,28.0,"[('P49418', 'Q9BY11'), ('P61981', 'Q9Y2J2')]",2.0,OnPLs,No Config,HillClimb
179,25.0,83.0,75.0,32.0,28.0,"[('P49418', 'Q9BY11'), ('P61981', 'Q9Y2J2')]",2.0,OnPLs,No Config,HillClimb
180,25.0,84.0,75.0,32.0,28.0,"[('ENSG00000106089', 'P63027'), ('P49418', 'Q9BY11'), ('P61981', 'Q9Y2J2')]",3.0,OnPLs,No Config,HillClimb
181,25.0,84.0,75.0,32.0,28.0,"[('P49418', 'Q9BY11'), ('P61981', 'Q9Y2J2')]",2.0,OnPLs,No Config,HillClimb
182,25.0,83.0,75.0,32.0,28.0,"[('P49418', 'Q9BY11'), ('P61981', 'Q9Y2J2')]",2.0,OnPLs,No Config,HillClimb
183,25.0,84.0,75.0,32.0,28.0,"[('P49418', 'Q9BY11'), ('P61981', 'Q9Y2J2')]",2.0,OnPLs,No Config,HillClimb
184,25.0,83.0,75.0,32.0,28.0,"[('P49418', 'Q9BY11'), ('P61981', 'Q9Y2J2')]",2.0,OnPLs,No Config,HillClimb
185,25.0,84.0,75.0,32.0,28.0,"[('P49418', 'Q9BY11'), ('P61981', 'Q9Y2J2')]",2.0,OnPLs,No Config,HillClimb
186,25.0,84.0,75.0,32.0,28.0,"[('P49418', 'Q9BY11'), ('P61981', 'Q9Y2J2')]",2.0,OnPLs,No Config,HillClimb
187,25.0,83.0,75.0,32.0,28.0,"[('P49418', 'Q9BY11'), ('P61981', 'Q9Y2J2')]",2.0,OnPLs,No Config,HillClimb
188,25.0,84.0,75.0,32.0,28.0,"[('P49418', 'Q9BY11'), ('P61981', 'Q9Y2J2')]",2.0,OnPLs,No Config,HillClimb
189,25.0,84.0,75.0,32.0,28.0,"[('P49418', 'Q9BY11'), ('P61981', 'Q9Y2J2')]",2.0,OnPLs,No Config,HillClimb
190,25.0,84.0,75.0,32.0,28.0,"[('P49418', 'Q9BY11'), ('P61981', 'Q9Y2J2')]",2.0,OnPLs,No Config,HillClimb
191,25.0,83.0,75.0,32.0,28.0,"[('P49418', 'Q9BY11'), ('P61981', 'Q9Y2J2')]",2.0,OnPLs,No Config,HillClimb
192,25.0,83.0,75.0,32.0,28.0,"[('P49418', 'Q9BY11'), ('P61981', 'Q9Y2J2')]",2.0,OnPLs,No Config,HillClimb
193,25.0,84.0,75.0,32.0,28.0,"[('P49418', 'Q9BY11'), ('P61981', 'Q9Y2J2'), ('ENSG00000106089', 'ENSG00000089169')]",3.0,OnPLs,No Config,HillClimb
194,25.0,84.0,75.0,32.0,28.0,"[('P49418', 'Q9BY11'), ('P61981', 'Q9Y2J2')]",2.0,OnPLs,No Config,HillClimb
195,25.0,83.0,75.0,32.0,28.0,"[('P49418', 'Q9BY11'), ('P61981', 'Q9Y2J2')]",2.0,OnPLs,No Config,HillClimb
196,25.0,84.0,75.0,32.0,28.0,"[('P49418', 'Q9BY11'), ('P61981', 'Q9Y2J2')]",2.0,OnPLs,No Config,HillClimb
197,25.0,83.0,75.0,32.0,28.0,"[('P49418', 'Q9BY11'), ('P61981', 'Q9Y2J2')]",2.0,OnPLs,No Config,HillClimb
198,25.0,83.0,75.0,32.0,28.0,"[('P49418', 'Q9BY11'), ('P61981', 'Q9Y2J2')]",2.0,OnPLs,No Config,HillClimb
199,25.0,83.0,75.0,32.0,28.0,"[('P49418', 'Q9BY11'), ('P61981', 'Q9Y2J2')]",2.0,OnPLs,No Config,HillClimb
200,25.0,83.0,75.0,32.0,28.0,"[('P49418', 'Q9BY11'), ('P61981', 'Q9Y2J2')]",2.0,OnPLs,No Config,HillClimb
201,25.0,84.0,75.0,32.0,28.0,"[('P49418', 'Q9BY11'), ('P61981', 'Q9Y2J2')]",2.0,OnPLs,No Config,HillClimb
202,25.0,84.0,75.0,32.0,28.0,"[('P49418', 'Q9BY11'), ('P61981', 'Q9Y2J2')]",2.0,OnPLs,No Config,HillClimb
203,25.0,83.0,75.0,32.0,28.0,"[('P49418', 'Q9BY11'), ('P61981', 'Q9Y2J2'), ('ENSG00000109320', 'ENSG00000117335')]",3.0,OnPLs,No Config,HillClimb
204,15.0,29.0,45.0,13.0,16.0,[],0.0,OnPLs,Config(wb),HillClimb
205,15.0,29.0,45.0,13.0,16.0,[],0.0,OnPLs,Config(wb),HillClimb
206,15.0,29.0,45.0,13.0,16.0,[],0.0,OnPLs,Config(wb),HillClimb
207,15.0,29.0,45.0,13.0,16.0,[],0.0,OnPLs,Config(wb),HillClimb
208,15.0,29.0,45.0,13.0,16.0,"[('ENSG00000140575', 'Q13153'), ('ENSG00000089169', 'Q9BY11')]",2.0,OnPLs,Config(wb),HillClimb
209,15.0,29.0,45.0,13.0,16.0,[],0.0,OnPLs,Config(wb),HillClimb
210,15.0,29.0,45.0,13.0,16.0,[],0.0,OnPLs,Config(wb),HillClimb
211,15.0,29.0,45.0,13.0,16.0,[],0.0,OnPLs,Config(wb),HillClimb
212,15.0,29.0,45.0,13.0,16.0,[],0.0,OnPLs,Config(wb),HillClimb
213,15.0,29.0,45.0,13.0,16.0,[],0.0,OnPLs,Config(wb),HillClimb
214,15.0,29.0,45.0,13.0,16.0,[],0.0,OnPLs,Config(wb),HillClimb
215,15.0,29.0,45.0,13.0,16.0,"[('ENSG00000140575', 'Q13153')]",1.0,OnPLs,Config(wb),HillClimb
216,15.0,29.0,45.0,13.0,16.0,[],0.0,OnPLs,Config(wb),HillClimb
217,15.0,29.0,45.0,13.0,16.0,[],0.0,OnPLs,Config(wb),HillClimb
218,15.0,29.0,45.0,13.0,16.0,[],0.0,OnPLs,Config(wb),HillClimb
219,15.0,29.0,45.0,13.0,16.0,[],0.0,OnPLs,Config(wb),HillClimb
220,15.0,29.0,45.0,13.0,16.0,[],0.0,OnPLs,Config(wb),HillClimb
221,15.0,29.0,45.0,13.0,16.0,[],0.0,OnPLs,Config(wb),HillClimb
222,15.0,29.0,45.0,13.0,16.0,[],0.0,OnPLs,Config(wb),HillClimb
223,15.0,29.0,45.0,13.0,16.0,[],0.0,OnPLs,Config(wb),HillClimb
224,15.0,29.0,45.0,13.0,16.0,[],0.0,OnPLs,Config(wb),HillClimb
225,15.0,29.0,45.0,13.0,16.0,[],0.0,OnPLs,Config(wb),HillClimb
226,15.0,29.0,45.0,13.0,16.0,[],0.0,OnPLs,Config(wb),HillClimb
227,15.0,29.0,45.0,13.0,16.0,[],0.0,OnPLs,Config(wb),HillClimb
228,15.0,29.0,45.0,13.0,16.0,[],0.0,OnPLs,Config(wb),HillClimb
229,15.0,29.0,45.0,13.0,16.0,[],0.0,OnPLs,Config(wb),HillClimb
230,15.0,29.0,45.0,13.0,16.0,[],0.0,OnPLs,Config(wb),HillClimb
231,15.0,29.0,45.0,13.0,16.0,[],0.0,OnPLs,Config(wb),HillClimb
232,15.0,29.0,45.0,13.0,16.0,[],0.0,OnPLs,Config(wb),HillClimb
233,15.0,29.0,45.0,13.0,16.0,[],0.0,OnPLs,Config(wb),HillClimb
234,15.0,29.0,45.0,13.0,16.0,[],0.0,OnPLs,Config(wb),HillClimb
235,15.0,29.0,45.0,13.0,16.0,[],0.0,OnPLs,Config(wb),HillClimb
236,15.0,29.0,45.0,13.0,16.0,[],0.0,OnPLs,Config(wb),HillClimb
237,15.0,29.0,45.0,13.0,16.0,[],0.0,OnPLs,Config(wb),HillClimb
238,15.0,29.0,45.0,13.0,16.0,[],0.0,OnPLs,Config(wb),HillClimb
239,15.0,29.0,45.0,13.0,16.0,[],0.0,OnPLs,Config(wb),HillClimb
240,15.0,29.0,45.0,13.0,16.0,"[('ENSG00000089169', 'Q9BY11')]",1.0,OnPLs,Config(wb),HillClimb
241,15.0,29.0,45.0,13.0,16.0,[],0.0,OnPLs,Config(wb),HillClimb
242,15.0,29.0,45.0,13.0,16.0,[],0.0,OnPLs,Config(wb),HillClimb
243,15.0,29.0,45.0,13.0,16.0,[],0.0,OnPLs,Config(wb),HillClimb
244,15.0,29.0,45.0,13.0,16.0,[],0.0,OnPLs,Config(wb),HillClimb
245,15.0,29.0,45.0,13.0,16.0,[],0.0,OnPLs,Config(wb),HillClimb
246,15.0,29.0,45.0,13.0,16.0,[],0.0,OnPLs,Config(wb),HillClimb
247,15.0,29.0,45.0,13.0,16.0,[],0.0,OnPLs,Config(wb),HillClimb
248,15.0,29.0,45.0,13.0,16.0,[],0.0,OnPLs,Config(wb),HillClimb
249,15.0,29.0,45.0,13.0,16.0,"[('ENSG00000089169', 'Q9BY11')]",1.0,OnPLs,Config(wb),HillClimb
250,15.0,29.0,45.0,13.0,16.0,[],0.0,OnPLs,Config(wb),HillClimb
251,15.0,29.0,45.0,13.0,16.0,[],0.0,OnPLs,Config(wb),HillClimb
252,15.0,29.0,45.0,13.0,16.0,[],0.0,OnPLs,Config(wb),HillClimb
253,15.0,29.0,45.0,13.0,16.0,[],0.0,OnPLs,Config(wb),HillClimb
254,15.0,29.0,45.0,13.0,16.0,[],0.0,OnPLs,Config(wb),HillClimb
255,15.0,29.0,45.0,13.0,16.0,"[('ENSG00000089169', 'Q9BY11')]",1.0,OnPLs,Config(wb),HillClimb
256,15.0,29.0,45.0,13.0,16.0,[],0.0,OnPLs,Config(wb),HillClimb
257,15.0,29.0,45.0,13.0,16.0,[],0.0,OnPLs,Config(wb),HillClimb
258,15.0,29.0,45.0,13.0,16.0,[],0.0,OnPLs,Config(wb),HillClimb
259,15.0,29.0,45.0,13.0,16.0,[],0.0,OnPLs,Config(wb),HillClimb
260,15.0,29.0,45.0,13.0,16.0,[],0.0,OnPLs,Config(wb),HillClimb
261,15.0,29.0,45.0,13.0,16.0,[],0.0,OnPLs,Config(wb),HillClimb
262,15.0,29.0,45.0,13.0,16.0,[],0.0,OnPLs,Config(wb),HillClimb
263,15.0,29.0,45.0,13.0,16.0,[],0.0,OnPLs,Config(wb),HillClimb
264,15.0,29.0,45.0,13.0,16.0,[],0.0,OnPLs,Config(wb),HillClimb
265,15.0,29.0,45.0,13.0,16.0,[],0.0,OnPLs,Config(wb),HillClimb
266,15.0,29.0,45.0,13.0,16.0,[],0.0,OnPLs,Config(wb),HillClimb
267,15.0,29.0,45.0,13.0,16.0,[],0.0,OnPLs,Config(wb),HillClimb
268,15.0,29.0,45.0,13.0,16.0,[],0.0,OnPLs,Config(wb),HillClimb
269,15.0,29.0,45.0,13.0,16.0,[],0.0,OnPLs,Config(wb),HillClimb
270,15.0,29.0,45.0,13.0,16.0,[],0.0,OnPLs,Config(wb),HillClimb
271,15.0,29.0,45.0,13.0,16.0,[],0.0,OnPLs,Config(wb),HillClimb
272,15.0,29.0,45.0,13.0,16.0,[],0.0,OnPLs,Config(wb),HillClimb
273,15.0,29.0,45.0,13.0,16.0,[],0.0,OnPLs,Config(wb),HillClimb
274,15.0,29.0,45.0,13.0,16.0,[],0.0,OnPLs,Config(wb),HillClimb
275,15.0,29.0,45.0,13.0,16.0,[],0.0,OnPLs,Config(wb),HillClimb
276,15.0,29.0,45.0,13.0,16.0,[],0.0,OnPLs,Config(wb),HillClimb
277,15.0,29.0,45.0,13.0,16.0,[],0.0,OnPLs,Config(wb),HillClimb
278,15.0,29.0,45.0,13.0,16.0,[],0.0,OnPLs,Config(wb),HillClimb
279,15.0,29.0,45.0,13.0,16.0,[],0.0,OnPLs,Config(wb),HillClimb
280,15.0,29.0,45.0,13.0,16.0,[],0.0,OnPLs,Config(wb),HillClimb
281,15.0,29.0,45.0,13.0,16.0,[],0.0,OnPLs,Config(wb),HillClimb
282,15.0,29.0,45.0,13.0,16.0,[],0.0,OnPLs,Config(wb),HillClimb
283,15.0,29.0,45.0,13.0,16.0,[],0.0,OnPLs,Config(wb),HillClimb
284,15.0,29.0,45.0,13.0,16.0,[],0.0,OnPLs,Config(wb),HillClimb
285,15.0,29.0,45.0,13.0,16.0,[],0.0,OnPLs,Config(wb),HillClimb
286,15.0,29.0,45.0,13.0,16.0,[],0.0,OnPLs,Config(wb),HillClimb
287,15.0,29.0,45.0,13.0,16.0,[],0.0,OnPLs,Config(wb),HillClimb
288,15.0,29.0,45.0,13.0,16.0,[],0.0,OnPLs,Config(wb),HillClimb
289,15.0,29.0,45.0,13.0,16.0,[],0.0,OnPLs,Config(wb),HillClimb
290,15.0,29.0,45.0,13.0,16.0,[],0.0,OnPLs,Config(wb),HillClimb
291,15.0,29.0,45.0,13.0,16.0,[],0.0,OnPLs,Config(wb),HillClimb
292,15.0,29.0,45.0,13.0,16.0,[],0.0,OnPLs,Config(wb),HillClimb
293,15.0,29.0,45.0,13.0,16.0,"[('ENSG00000089169', 'Q9BY11')]",1.0,OnPLs,Config(wb),HillClimb
294,15.0,29.0,45.0,13.0,16.0,[],0.0,OnPLs,Config(wb),HillClimb
295,15.0,29.0,45.0,13.0,16.0,[],0.0,OnPLs,Config(wb),HillClimb
296,15.0,29.0,45.0,13.0,16.0,[],0.0,OnPLs,Config(wb),HillClimb
297,15.0,29.0,45.0,13.0,16.0,[],0.0,OnPLs,Config(wb),HillClimb
298,15.0,29.0,45.0,13.0,16.0,[],0.0,OnPLs,Config(wb),HillClimb
299,15.0,29.0,45.0,13.0,16.0,[],0.0,OnPLs,Config(wb),HillClimb
300,15.0,29.0,45.0,13.0,16.0,[],0.0,OnPLs,Config(wb),HillClimb
301,15.0,29.0,45.0,13.0,16.0,[],0.0,OnPLs,Config(wb),HillClimb
302,15.0,29.0,45.0,13.0,16.0,[],0.0,OnPLs,Config(wb),HillClimb
303,15.0,29.0,45.0,13.0,16.0,"[('ENSG00000089169', 'Q9BY11')]",1.0,OnPLs,Config(wb),HillClimb
304,25.0,49.0,75.0,31.0,27.0,[],0.0,OnPLs,Config(wb),HillClimb
305,25.0,49.0,75.0,31.0,27.0,[],0.0,OnPLs,Config(wb),HillClimb
306,25.0,49.0,75.0,31.0,27.0,[],0.0,OnPLs,Config(wb),HillClimb
307,25.0,49.0,75.0,31.0,27.0,[],0.0,OnPLs,Config(wb),HillClimb
308,25.0,49.0,75.0,31.0,27.0,[],0.0,OnPLs,Config(wb),HillClimb
309,25.0,49.0,75.0,31.0,27.0,[],0.0,OnPLs,Config(wb),HillClimb
310,25.0,49.0,75.0,31.0,27.0,"[('ENSG00000106089', 'P63027')]",1.0,OnPLs,Config(wb),HillClimb
311,25.0,49.0,75.0,31.0,27.0,[],0.0,OnPLs,Config(wb),HillClimb
312,25.0,49.0,75.0,31.0,27.0,[],0.0,OnPLs,Config(wb),HillClimb
313,25.0,49.0,75.0,31.0,27.0,[],0.0,OnPLs,Config(wb),HillClimb
314,25.0,49.0,75.0,31.0,27.0,[],0.0,OnPLs,Config(wb),HillClimb
315,25.0,49.0,75.0,31.0,27.0,[],0.0,OnPLs,Config(wb),HillClimb
316,25.0,49.0,75.0,31.0,27.0,[],0.0,OnPLs,Config(wb),HillClimb
317,25.0,49.0,75.0,31.0,27.0,[],0.0,OnPLs,Config(wb),HillClimb
318,25.0,49.0,75.0,31.0,27.0,[],0.0,OnPLs,Config(wb),HillClimb
319,25.0,49.0,75.0,31.0,27.0,[],0.0,OnPLs,Config(wb),HillClimb
320,25.0,49.0,75.0,31.0,27.0,"[('ENSG00000140575', 'Q13153')]",1.0,OnPLs,Config(wb),HillClimb
321,25.0,49.0,75.0,31.0,27.0,"[('ENSG00000149311', 'P63027')]",1.0,OnPLs,Config(wb),HillClimb
322,25.0,49.0,75.0,31.0,27.0,[],0.0,OnPLs,Config(wb),HillClimb
323,25.0,49.0,75.0,31.0,27.0,[],0.0,OnPLs,Config(wb),HillClimb
324,25.0,49.0,75.0,31.0,27.0,[],0.0,OnPLs,Config(wb),HillClimb
325,25.0,49.0,75.0,31.0,27.0,[],0.0,OnPLs,Config(wb),HillClimb
326,25.0,49.0,75.0,31.0,27.0,[],0.0,OnPLs,Config(wb),HillClimb
327,25.0,49.0,75.0,31.0,27.0,"[('ENSG00000149311', 'P63027')]",1.0,OnPLs,Config(wb),HillClimb
328,25.0,49.0,75.0,31.0,27.0,[],0.0,OnPLs,Config(wb),HillClimb
329,25.0,49.0,75.0,31.0,27.0,[],0.0,OnPLs,Config(wb),HillClimb
330,25.0,49.0,75.0,31.0,27.0,"[('ENSG00000149311', 'P63027')]",1.0,OnPLs,Config(wb),HillClimb
331,25.0,49.0,75.0,31.0,27.0,[],0.0,OnPLs,Config(wb),HillClimb
332,25.0,49.0,75.0,31.0,27.0,[],0.0,OnPLs,Config(wb),HillClimb
333,25.0,49.0,75.0,31.0,27.0,[],0.0,OnPLs,Config(wb),HillClimb
334,25.0,49.0,75.0,31.0,27.0,[],0.0,OnPLs,Config(wb),HillClimb
335,25.0,49.0,75.0,31.0,27.0,[],0.0,OnPLs,Config(wb),HillClimb
336,25.0,49.0,75.0,31.0,27.0,[],0.0,OnPLs,Config(wb),HillClimb
337,25.0,49.0,75.0,31.0,27.0,[],0.0,OnPLs,Config(wb),HillClimb
338,25.0,49.0,75.0,31.0,27.0,[],0.0,OnPLs,Config(wb),HillClimb
339,25.0,49.0,75.0,31.0,27.0,[],0.0,OnPLs,Config(wb),HillClimb
340,25.0,49.0,75.0,31.0,27.0,[],0.0,OnPLs,Config(wb),HillClimb
341,25.0,49.0,75.0,31.0,27.0,[],0.0,OnPLs,Config(wb),HillClimb
342,25.0,49.0,75.0,31.0,27.0,[],0.0,OnPLs,Config(wb),HillClimb
343,25.0,49.0,75.0,31.0,27.0,[],0.0,OnPLs,Config(wb),HillClimb
344,25.0,49.0,75.0,31.0,27.0,[],0.0,OnPLs,Config(wb),HillClimb
345,25.0,49.0,75.0,31.0,27.0,[],0.0,OnPLs,Config(wb),HillClimb
346,25.0,49.0,75.0,31.0,27.0,[],0.0,OnPLs,Config(wb),HillClimb
347,25.0,49.0,75.0,31.0,27.0,[],0.0,OnPLs,Config(wb),HillClimb
348,25.0,49.0,75.0,31.0,27.0,[],0.0,OnPLs,Config(wb),HillClimb
349,25.0,49.0,75.0,31.0,27.0,[],0.0,OnPLs,Config(wb),HillClimb
350,25.0,49.0,75.0,31.0,27.0,[],0.0,OnPLs,Config(wb),HillClimb
351,25.0,49.0,75.0,31.0,27.0,[],0.0,OnPLs,Config(wb),HillClimb
352,25.0,49.0,75.0,31.0,27.0,[],0.0,OnPLs,Config(wb),HillClimb
353,25.0,49.0,75.0,31.0,27.0,[],0.0,OnPLs,Config(wb),HillClimb
354,25.0,49.0,75.0,31.0,27.0,[],0.0,OnPLs,Config(wb),HillClimb
355,25.0,49.0,75.0,31.0,27.0,"[('ENSG00000089169', 'Q9BY11')]",1.0,OnPLs,Config(wb),HillClimb
356,25.0,49.0,75.0,31.0,27.0,[],0.0,OnPLs,Config(wb),HillClimb
357,25.0,49.0,75.0,31.0,27.0,"[('ENSG00000089169', 'Q9BY11')]",1.0,OnPLs,Config(wb),HillClimb
358,25.0,49.0,75.0,31.0,27.0,[],0.0,OnPLs,Config(wb),HillClimb
359,25.0,49.0,75.0,31.0,27.0,[],0.0,OnPLs,Config(wb),HillClimb
360,25.0,49.0,75.0,31.0,27.0,[],0.0,OnPLs,Config(wb),HillClimb
361,25.0,49.0,75.0,31.0,27.0,[],0.0,OnPLs,Config(wb),HillClimb
362,25.0,49.0,75.0,31.0,27.0,[],0.0,OnPLs,Config(wb),HillClimb
363,25.0,49.0,75.0,31.0,27.0,[],0.0,OnPLs,Config(wb),HillClimb
364,25.0,49.0,75.0,31.0,27.0,[],0.0,OnPLs,Config(wb),HillClimb
365,25.0,49.0,75.0,31.0,27.0,[],0.0,OnPLs,Config(wb),HillClimb
366,25.0,49.0,75.0,31.0,27.0,[],0.0,OnPLs,Config(wb),HillClimb
367,25.0,49.0,75.0,31.0,27.0,[],0.0,OnPLs,Config(wb),HillClimb
368,25.0,49.0,75.0,31.0,27.0,[],0.0,OnPLs,Config(wb),HillClimb
369,25.0,49.0,75.0,31.0,27.0,[],0.0,OnPLs,Config(wb),HillClimb
370,25.0,49.0,75.0,31.0,27.0,[],0.0,OnPLs,Config(wb),HillClimb
371,25.0,49.0,75.0,31.0,27.0,[],0.0,OnPLs,Config(wb),HillClimb
372,25.0,49.0,75.0,31.0,27.0,[],0.0,OnPLs,Config(wb),HillClimb
373,25.0,49.0,75.0,31.0,27.0,[],0.0,OnPLs,Config(wb),HillClimb
374,25.0,49.0,75.0,31.0,27.0,[],0.0,OnPLs,Config(wb),HillClimb
375,25.0,49.0,75.0,31.0,27.0,[],0.0,OnPLs,Config(wb),HillClimb
376,25.0,49.0,75.0,31.0,27.0,[],0.0,OnPLs,Config(wb),HillClimb
377,25.0,49.0,75.0,31.0,27.0,[],0.0,OnPLs,Config(wb),HillClimb
378,25.0,49.0,75.0,31.0,27.0,[],0.0,OnPLs,Config(wb),HillClimb
379,25.0,49.0,75.0,31.0,27.0,[],0.0,OnPLs,Config(wb),HillClimb
380,25.0,49.0,75.0,31.0,27.0,[],0.0,OnPLs,Config(wb),HillClimb
381,25.0,49.0,75.0,31.0,27.0,[],0.0,OnPLs,Config(wb),HillClimb
382,25.0,49.0,75.0,31.0,27.0,[],0.0,OnPLs,Config(wb),HillClimb
383,25.0,49.0,75.0,31.0,27.0,[],0.0,OnPLs,Config(wb),HillClimb
384,25.0,49.0,75.0,31.0,27.0,[],0.0,OnPLs,Config(wb),HillClimb
385,25.0,49.0,75.0,31.0,27.0,[],0.0,OnPLs,Config(wb),HillClimb
386,25.0,49.0,75.0,31.0,27.0,[],0.0,OnPLs,Config(wb),HillClimb
387,25.0,49.0,75.0,31.0,27.0,[],0.0,OnPLs,Config(wb),HillClimb
388,25.0,49.0,75.0,31.0,27.0,[],0.0,OnPLs,Config(wb),HillClimb
389,25.0,49.0,75.0,31.0,27.0,[],0.0,OnPLs,Config(wb),HillClimb
390,25.0,49.0,75.0,31.0,27.0,[],0.0,OnPLs,Config(wb),HillClimb
391,25.0,49.0,75.0,31.0,27.0,"[('ENSG00000149311', 'P63027')]",1.0,OnPLs,Config(wb),HillClimb
392,25.0,49.0,75.0,31.0,27.0,[],0.0,OnPLs,Config(wb),HillClimb
393,25.0,49.0,75.0,31.0,27.0,[],0.0,OnPLs,Config(wb),HillClimb
394,25.0,49.0,75.0,31.0,27.0,[],0.0,OnPLs,Config(wb),HillClimb
395,25.0,49.0,75.0,31.0,27.0,[],0.0,OnPLs,Config(wb),HillClimb
396,25.0,49.0,75.0,31.0,27.0,"[('ENSG00000140575', 'Q13153')]",1.0,OnPLs,Config(wb),HillClimb
397,25.0,49.0,75.0,31.0,27.0,[],0.0,OnPLs,Config(wb),HillClimb
398,25.0,49.0,75.0,31.0,27.0,[],0.0,OnPLs,Config(wb),HillClimb
399,25.0,49.0,75.0,31.0,27.0,[],0.0,OnPLs,Config(wb),HillClimb
400,25.0,49.0,75.0,31.0,27.0,[],0.0,OnPLs,Config(wb),HillClimb
401,25.0,49.0,75.0,31.0,27.0,[],0.0,OnPLs,Config(wb),HillClimb
402,25.0,49.0,75.0,31.0,27.0,"[('ENSG00000149311', 'P63027')]",1.0,OnPLs,Config(wb),HillClimb
403,25.0,49.0,75.0,31.0,27.0,"[('ENSG00000140575', 'Q13153')]",1.0,OnPLs,Config(wb),HillClimb
404,15.0,10.0,17.0,0.0,0.0,[],0.0,OnPLs,No Config,PC
405,15.0,10.0,17.0,0.0,0.0,[],0.0,OnPLs,No Config,PC
406,15.0,10.0,17.0,0.0,0.0,[],0.0,OnPLs,No Config,PC
407,15.0,10.0,17.0,0.0,0.0,[],0.0,OnPLs,No Config,PC
408,15.0,10.0,17.0,0.0,0.0,[],0.0,OnPLs,No Config,PC
409,15.0,10.0,17.0,0.0,0.0,[],0.0,OnPLs,No Config,PC
410,15.0,10.0,17.0,0.0,0.0,[],0.0,OnPLs,No Config,PC
411,15.0,10.0,17.0,0.0,0.0,[],0.0,OnPLs,No Config,PC
412,15.0,10.0,17.0,0.0,0.0,[],0.0,OnPLs,No Config,PC
413,15.0,10.0,17.0,0.0,0.0,[],0.0,OnPLs,No Config,PC
414,15.0,10.0,17.0,0.0,0.0,[],0.0,OnPLs,No Config,PC
415,15.0,10.0,17.0,0.0,0.0,[],0.0,OnPLs,No Config,PC
416,15.0,10.0,17.0,0.0,0.0,[],0.0,OnPLs,No Config,PC
417,15.0,10.0,17.0,0.0,0.0,[],0.0,OnPLs,No Config,PC
418,15.0,10.0,17.0,0.0,0.0,[],0.0,OnPLs,No Config,PC
419,15.0,10.0,17.0,0.0,0.0,[],0.0,OnPLs,No Config,PC
420,15.0,10.0,17.0,0.0,0.0,[],0.0,OnPLs,No Config,PC
421,15.0,10.0,17.0,0.0,0.0,[],0.0,OnPLs,No Config,PC
422,15.0,10.0,17.0,0.0,0.0,[],0.0,OnPLs,No Config,PC
423,15.0,10.0,17.0,0.0,0.0,[],0.0,OnPLs,No Config,PC
424,15.0,10.0,17.0,0.0,0.0,[],0.0,OnPLs,No Config,PC
425,15.0,10.0,17.0,0.0,0.0,[],0.0,OnPLs,No Config,PC
426,15.0,10.0,17.0,0.0,0.0,[],0.0,OnPLs,No Config,PC
427,15.0,10.0,17.0,0.0,0.0,[],0.0,OnPLs,No Config,PC
428,15.0,10.0,17.0,0.0,0.0,[],0.0,OnPLs,No Config,PC
429,15.0,10.0,17.0,0.0,0.0,[],0.0,OnPLs,No Config,PC
430,15.0,10.0,17.0,0.0,0.0,[],0.0,OnPLs,No Config,PC
431,15.0,10.0,17.0,0.0,0.0,[],0.0,OnPLs,No Config,PC
432,15.0,10.0,17.0,0.0,0.0,[],0.0,OnPLs,No Config,PC
433,15.0,10.0,17.0,0.0,0.0,[],0.0,OnPLs,No Config,PC
434,15.0,10.0,17.0,0.0,0.0,[],0.0,OnPLs,No Config,PC
435,15.0,10.0,17.0,0.0,0.0,[],0.0,OnPLs,No Config,PC
436,15.0,10.0,17.0,0.0,0.0,[],0.0,OnPLs,No Config,PC
437,15.0,10.0,17.0,0.0,0.0,[],0.0,OnPLs,No Config,PC
438,15.0,10.0,17.0,0.0,0.0,[],0.0,OnPLs,No Config,PC
439,15.0,10.0,17.0,0.0,0.0,[],0.0,OnPLs,No Config,PC
440,15.0,10.0,17.0,0.0,0.0,[],0.0,OnPLs,No Config,PC
441,15.0,10.0,17.0,0.0,0.0,[],0.0,OnPLs,No Config,PC
442,15.0,10.0,17.0,0.0,0.0,[],0.0,OnPLs,No Config,PC
443,15.0,10.0,17.0,0.0,0.0,[],0.0,OnPLs,No Config,PC
444,15.0,10.0,17.0,0.0,0.0,[],0.0,OnPLs,No Config,PC
445,15.0,10.0,17.0,0.0,0.0,[],0.0,OnPLs,No Config,PC
446,15.0,10.0,17.0,0.0,0.0,[],0.0,OnPLs,No Config,PC
447,15.0,10.0,17.0,0.0,0.0,[],0.0,OnPLs,No Config,PC
448,15.0,10.0,17.0,0.0,0.0,[],0.0,OnPLs,No Config,PC
449,15.0,10.0,17.0,0.0,0.0,[],0.0,OnPLs,No Config,PC
450,15.0,10.0,17.0,0.0,0.0,[],0.0,OnPLs,No Config,PC
451,15.0,10.0,17.0,0.0,0.0,[],0.0,OnPLs,No Config,PC
452,15.0,10.0,17.0,0.0,0.0,[],0.0,OnPLs,No Config,PC
453,15.0,10.0,17.0,0.0,0.0,[],0.0,OnPLs,No Config,PC
454,15.0,10.0,17.0,0.0,0.0,[],0.0,OnPLs,No Config,PC
455,15.0,10.0,17.0,0.0,0.0,[],0.0,OnPLs,No Config,PC
456,15.0,10.0,17.0,0.0,0.0,[],0.0,OnPLs,No Config,PC
457,15.0,10.0,17.0,0.0,0.0,[],0.0,OnPLs,No Config,PC
458,15.0,10.0,17.0,0.0,0.0,[],0.0,OnPLs,No Config,PC
459,15.0,10.0,17.0,0.0,0.0,[],0.0,OnPLs,No Config,PC
460,15.0,10.0,17.0,0.0,0.0,[],0.0,OnPLs,No Config,PC
461,15.0,10.0,17.0,0.0,0.0,[],0.0,OnPLs,No Config,PC
462,15.0,10.0,17.0,0.0,0.0,[],0.0,OnPLs,No Config,PC
463,15.0,10.0,17.0,0.0,0.0,[],0.0,OnPLs,No Config,PC
464,15.0,10.0,17.0,0.0,0.0,[],0.0,OnPLs,No Config,PC
465,15.0,10.0,17.0,0.0,0.0,[],0.0,OnPLs,No Config,PC
466,15.0,10.0,17.0,0.0,0.0,[],0.0,OnPLs,No Config,PC
467,15.0,10.0,17.0,0.0,0.0,[],0.0,OnPLs,No Config,PC
468,15.0,10.0,17.0,0.0,0.0,[],0.0,OnPLs,No Config,PC
469,15.0,10.0,17.0,0.0,0.0,[],0.0,OnPLs,No Config,PC
470,15.0,10.0,17.0,0.0,0.0,[],0.0,OnPLs,No Config,PC
471,15.0,10.0,17.0,0.0,0.0,[],0.0,OnPLs,No Config,PC
472,15.0,10.0,17.0,0.0,0.0,[],0.0,OnPLs,No Config,PC
473,15.0,10.0,17.0,0.0,0.0,[],0.0,OnPLs,No Config,PC
474,15.0,10.0,17.0,0.0,0.0,[],0.0,OnPLs,No Config,PC
475,15.0,10.0,17.0,0.0,0.0,[],0.0,OnPLs,No Config,PC
476,15.0,10.0,17.0,0.0,0.0,[],0.0,OnPLs,No Config,PC
477,15.0,10.0,17.0,0.0,0.0,[],0.0,OnPLs,No Config,PC
478,15.0,10.0,17.0,0.0,0.0,[],0.0,OnPLs,No Config,PC
479,15.0,10.0,17.0,0.0,0.0,[],0.0,OnPLs,No Config,PC
480,15.0,10.0,17.0,0.0,0.0,[],0.0,OnPLs,No Config,PC
481,15.0,10.0,17.0,0.0,0.0,[],0.0,OnPLs,No Config,PC
482,15.0,10.0,17.0,0.0,0.0,[],0.0,OnPLs,No Config,PC
483,15.0,10.0,17.0,0.0,0.0,[],0.0,OnPLs,No Config,PC
484,15.0,10.0,17.0,0.0,0.0,[],0.0,OnPLs,No Config,PC
485,15.0,10.0,17.0,0.0,0.0,[],0.0,OnPLs,No Config,PC
486,15.0,10.0,17.0,0.0,0.0,[],0.0,OnPLs,No Config,PC
487,15.0,10.0,17.0,0.0,0.0,[],0.0,OnPLs,No Config,PC
488,15.0,10.0,17.0,0.0,0.0,[],0.0,OnPLs,No Config,PC
489,15.0,10.0,17.0,0.0,0.0,[],0.0,OnPLs,No Config,PC
490,15.0,10.0,17.0,0.0,0.0,[],0.0,OnPLs,No Config,PC
491,15.0,10.0,17.0,0.0,0.0,[],0.0,OnPLs,No Config,PC
492,15.0,10.0,17.0,0.0,0.0,[],0.0,OnPLs,No Config,PC
493,15.0,10.0,17.0,0.0,0.0,[],0.0,OnPLs,No Config,PC
494,15.0,10.0,17.0,0.0,0.0,[],0.0,OnPLs,No Config,PC
495,15.0,10.0,17.0,0.0,0.0,[],0.0,OnPLs,No Config,PC
496,15.0,10.0,17.0,0.0,0.0,[],0.0,OnPLs,No Config,PC
497,15.0,10.0,17.0,0.0,0.0,[],0.0,OnPLs,No Config,PC
498,15.0,10.0,17.0,0.0,0.0,[],0.0,OnPLs,No Config,PC
499,15.0,10.0,17.0,0.0,0.0,[],0.0,OnPLs,No Config,PC
500,15.0,10.0,17.0,0.0,0.0,[],0.0,OnPLs,No Config,PC
501,15.0,10.0,17.0,0.0,0.0,[],0.0,OnPLs,No Config,PC
502,15.0,10.0,17.0,0.0,0.0,[],0.0,OnPLs,No Config,PC
503,15.0,10.0,17.0,0.0,0.0,[],0.0,OnPLs,No Config,PC
504,15.0,50.0,45.0,14.0,17.0,"[('P49418', 'Q9BY11'), ('P61981', 'Q9Y2J2')]",2.0,OnPLs,No Config,HillClimb
505,15.0,50.0,45.0,14.0,17.0,"[('P49418', 'Q9BY11'), ('P61981', 'Q9Y2J2')]",2.0,OnPLs,No Config,HillClimb
506,15.0,50.0,45.0,14.0,17.0,"[('P49418', 'Q9BY11'), ('P61981', 'Q9Y2J2')]",2.0,OnPLs,No Config,HillClimb
507,15.0,50.0,45.0,14.0,17.0,"[('P49418', 'Q9BY11'), ('P61981', 'Q9Y2J2')]",2.0,OnPLs,No Config,HillClimb
508,15.0,50.0,45.0,14.0,17.0,"[('P49418', 'Q9BY11'), ('P61981', 'Q9Y2J2')]",2.0,OnPLs,No Config,HillClimb
509,15.0,50.0,45.0,14.0,17.0,"[('P49418', 'Q9BY11'), ('P61981', 'Q9Y2J2')]",2.0,OnPLs,No Config,HillClimb
510,15.0,50.0,45.0,14.0,17.0,"[('P49418', 'Q9BY11'), ('P61981', 'Q9Y2J2')]",2.0,OnPLs,No Config,HillClimb
511,15.0,50.0,45.0,14.0,17.0,"[('P49418', 'Q9BY11'), ('P61981', 'Q9Y2J2')]",2.0,OnPLs,No Config,HillClimb
512,15.0,50.0,45.0,14.0,17.0,"[('P49418', 'Q9BY11'), ('P61981', 'Q9Y2J2')]",2.0,OnPLs,No Config,HillClimb
513,15.0,50.0,45.0,14.0,17.0,"[('P49418', 'Q9BY11'), ('P61981', 'Q9Y2J2')]",2.0,OnPLs,No Config,HillClimb
514,15.0,50.0,45.0,14.0,17.0,"[('P49418', 'Q9BY11'), ('P61981', 'Q9Y2J2')]",2.0,OnPLs,No Config,HillClimb
515,15.0,50.0,45.0,14.0,17.0,"[('P49418', 'Q9BY11'), ('P61981', 'Q9Y2J2')]",2.0,OnPLs,No Config,HillClimb
516,15.0,50.0,45.0,14.0,17.0,"[('P49418', 'Q9BY11'), ('P61981', 'Q9Y2J2')]",2.0,OnPLs,No Config,HillClimb
517,15.0,50.0,45.0,14.0,17.0,"[('P49418', 'Q9BY11'), ('P61981', 'Q9Y2J2')]",2.0,OnPLs,No Config,HillClimb
518,15.0,50.0,45.0,14.0,17.0,"[('P49418', 'Q9BY11'), ('P61981', 'Q9Y2J2')]",2.0,OnPLs,No Config,HillClimb
519,15.0,50.0,45.0,14.0,17.0,"[('P49418', 'Q9BY11'), ('P61981', 'Q9Y2J2')]",2.0,OnPLs,No Config,HillClimb
520,15.0,50.0,45.0,14.0,17.0,"[('P49418', 'Q9BY11'), ('P61981', 'Q9Y2J2')]",2.0,OnPLs,No Config,HillClimb
521,15.0,50.0,45.0,14.0,17.0,"[('P49418', 'Q9BY11'), ('P61981', 'Q9Y2J2')]",2.0,OnPLs,No Config,HillClimb
522,15.0,50.0,45.0,14.0,17.0,"[('P49418', 'Q9BY11'), ('P61981', 'Q9Y2J2')]",2.0,OnPLs,No Config,HillClimb
523,15.0,50.0,45.0,14.0,17.0,"[('P49418', 'Q9BY11'), ('P61981', 'Q9Y2J2')]",2.0,OnPLs,No Config,HillClimb
524,15.0,50.0,45.0,14.0,17.0,"[('P49418', 'Q9BY11'), ('P61981', 'Q9Y2J2')]",2.0,OnPLs,No Config,HillClimb
525,15.0,50.0,45.0,14.0,17.0,"[('P49418', 'Q9BY11'), ('P61981', 'Q9Y2J2')]",2.0,OnPLs,No Config,HillClimb
526,15.0,50.0,45.0,14.0,17.0,"[('P49418', 'Q9BY11'), ('P61981', 'Q9Y2J2')]",2.0,OnPLs,No Config,HillClimb
527,15.0,50.0,45.0,14.0,17.0,"[('P49418', 'Q9BY11'), ('P61981', 'Q9Y2J2')]",2.0,OnPLs,No Config,HillClimb
528,15.0,50.0,45.0,14.0,17.0,"[('P49418', 'Q9BY11'), ('P61981', 'Q9Y2J2')]",2.0,OnPLs,No Config,HillClimb
529,15.0,50.0,45.0,14.0,17.0,"[('P49418', 'Q9BY11'), ('P61981', 'Q9Y2J2')]",2.0,OnPLs,No Config,HillClimb
530,15.0,50.0,45.0,14.0,17.0,"[('P49418', 'Q9BY11'), ('P61981', 'Q9Y2J2'), ('ENSG00000109320', 'ENSG00000166165')]",3.0,OnPLs,No Config,HillClimb
531,15.0,50.0,45.0,14.0,17.0,"[('P49418', 'Q9BY11'), ('P61981', 'Q9Y2J2')]",2.0,OnPLs,No Config,HillClimb
532,15.0,50.0,45.0,14.0,17.0,"[('P49418', 'Q9BY11'), ('P61981', 'Q9Y2J2')]",2.0,OnPLs,No Config,HillClimb
533,15.0,50.0,45.0,14.0,17.0,"[('P49418', 'Q9BY11'), ('P61981', 'Q9Y2J2')]",2.0,OnPLs,No Config,HillClimb
534,15.0,50.0,45.0,14.0,17.0,"[('P49418', 'Q9BY11'), ('P61981', 'Q9Y2J2')]",2.0,OnPLs,No Config,HillClimb
535,15.0,50.0,45.0,14.0,17.0,"[('P49418', 'Q9BY11'), ('P61981', 'Q9Y2J2')]",2.0,OnPLs,No Config,HillClimb
536,15.0,50.0,45.0,14.0,17.0,"[('P49418', 'Q9BY11'), ('P61981', 'Q9Y2J2')]",2.0,OnPLs,No Config,HillClimb
537,15.0,50.0,45.0,14.0,17.0,"[('P49418', 'Q9BY11'), ('P61981', 'Q9Y2J2')]",2.0,OnPLs,No Config,HillClimb
538,15.0,50.0,45.0,14.0,17.0,"[('P49418', 'Q9BY11'), ('P61981', 'Q9Y2J2')]",2.0,OnPLs,No Config,HillClimb
539,15.0,50.0,45.0,14.0,17.0,"[('P49418', 'Q9BY11'), ('P61981', 'Q9Y2J2')]",2.0,OnPLs,No Config,HillClimb
540,15.0,50.0,45.0,14.0,17.0,"[('P49418', 'Q9BY11'), ('P61981', 'Q9Y2J2')]",2.0,OnPLs,No Config,HillClimb
541,15.0,50.0,45.0,14.0,17.0,"[('P49418', 'Q9BY11'), ('P61981', 'Q9Y2J2')]",2.0,OnPLs,No Config,HillClimb
542,15.0,50.0,45.0,14.0,17.0,"[('P49418', 'Q9BY11'), ('P61981', 'Q9Y2J2')]",2.0,OnPLs,No Config,HillClimb
543,15.0,50.0,45.0,14.0,17.0,"[('P49418', 'Q9BY11'), ('P61981', 'Q9Y2J2')]",2.0,OnPLs,No Config,HillClimb
544,15.0,50.0,45.0,14.0,17.0,"[('P49418', 'Q9BY11'), ('P61981', 'Q9Y2J2')]",2.0,OnPLs,No Config,HillClimb
545,15.0,50.0,45.0,14.0,17.0,"[('P49418', 'Q9BY11'), ('P61981', 'Q9Y2J2')]",2.0,OnPLs,No Config,HillClimb
546,15.0,50.0,45.0,14.0,17.0,"[('P49418', 'Q9BY11'), ('P61981', 'Q9Y2J2')]",2.0,OnPLs,No Config,HillClimb
547,15.0,50.0,45.0,14.0,17.0,"[('P49418', 'Q9BY11'), ('P61981', 'Q9Y2J2')]",2.0,OnPLs,No Config,HillClimb
548,15.0,50.0,45.0,14.0,17.0,"[('P49418', 'Q9BY11'), ('P61981', 'Q9Y2J2')]",2.0,OnPLs,No Config,HillClimb
549,15.0,50.0,45.0,14.0,17.0,"[('P49418', 'Q9BY11'), ('P61981', 'Q9Y2J2')]",2.0,OnPLs,No Config,HillClimb
550,15.0,50.0,45.0,14.0,17.0,"[('P49418', 'Q9BY11'), ('P61981', 'Q9Y2J2')]",2.0,OnPLs,No Config,HillClimb
551,15.0,50.0,45.0,14.0,17.0,"[('P49418', 'Q9BY11'), ('P61981', 'Q9Y2J2')]",2.0,OnPLs,No Config,HillClimb
552,15.0,50.0,45.0,14.0,17.0,"[('P49418', 'Q9BY11'), ('P61981', 'Q9Y2J2')]",2.0,OnPLs,No Config,HillClimb
553,15.0,50.0,45.0,14.0,17.0,"[('P49418', 'Q9BY11'), ('P61981', 'Q9Y2J2')]",2.0,OnPLs,No Config,HillClimb
554,15.0,50.0,45.0,14.0,17.0,"[('P49418', 'Q9BY11'), ('P61981', 'Q9Y2J2')]",2.0,OnPLs,No Config,HillClimb
555,15.0,50.0,45.0,14.0,17.0,"[('P49418', 'Q9BY11'), ('P61981', 'Q9Y2J2')]",2.0,OnPLs,No Config,HillClimb
556,15.0,50.0,45.0,14.0,17.0,"[('P49418', 'Q9BY11'), ('P61981', 'Q9Y2J2')]",2.0,OnPLs,No Config,HillClimb
557,15.0,50.0,45.0,14.0,17.0,"[('P49418', 'Q9BY11'), ('P61981', 'Q9Y2J2')]",2.0,OnPLs,No Config,HillClimb
558,15.0,50.0,45.0,14.0,17.0,"[('P49418', 'Q9BY11'), ('P61981', 'Q9Y2J2')]",2.0,OnPLs,No Config,HillClimb
559,15.0,50.0,45.0,14.0,17.0,"[('P49418', 'Q9BY11'), ('P61981', 'Q9Y2J2')]",2.0,OnPLs,No Config,HillClimb
560,15.0,50.0,45.0,14.0,17.0,"[('P49418', 'Q9BY11'), ('P61981', 'Q9Y2J2')]",2.0,OnPLs,No Config,HillClimb
561,15.0,50.0,45.0,14.0,17.0,"[('P49418', 'Q9BY11'), ('P61981', 'Q9Y2J2')]",2.0,OnPLs,No Config,HillClimb
562,15.0,50.0,45.0,14.0,17.0,"[('P49418', 'Q9BY11'), ('P61981', 'Q9Y2J2')]",2.0,OnPLs,No Config,HillClimb
563,15.0,50.0,45.0,14.0,17.0,"[('P49418', 'Q9BY11'), ('P61981', 'Q9Y2J2')]",2.0,OnPLs,No Config,HillClimb
564,15.0,50.0,45.0,14.0,17.0,"[('P49418', 'Q9BY11'), ('P61981', 'Q9Y2J2')]",2.0,OnPLs,No Config,HillClimb
565,15.0,50.0,45.0,14.0,17.0,"[('P49418', 'Q9BY11'), ('P61981', 'Q9Y2J2')]",2.0,OnPLs,No Config,HillClimb
566,15.0,50.0,45.0,14.0,17.0,"[('P49418', 'Q9BY11'), ('P61981', 'Q9Y2J2')]",2.0,OnPLs,No Config,HillClimb
567,15.0,50.0,45.0,14.0,17.0,"[('P49418', 'Q9BY11'), ('P61981', 'Q9Y2J2')]",2.0,OnPLs,No Config,HillClimb
568,15.0,50.0,45.0,14.0,17.0,"[('P49418', 'Q9BY11'), ('P61981', 'Q9Y2J2')]",2.0,OnPLs,No Config,HillClimb
569,15.0,50.0,45.0,14.0,17.0,"[('P49418', 'Q9BY11'), ('P61981', 'Q9Y2J2')]",2.0,OnPLs,No Config,HillClimb
570,15.0,50.0,45.0,14.0,17.0,"[('P49418', 'Q9BY11'), ('P61981', 'Q9Y2J2')]",2.0,OnPLs,No Config,HillClimb
571,15.0,50.0,45.0,14.0,17.0,"[('P49418', 'Q9BY11'), ('P61981', 'Q9Y2J2')]",2.0,OnPLs,No Config,HillClimb
572,15.0,50.0,45.0,14.0,17.0,"[('P49418', 'Q9BY11'), ('P61981', 'Q9Y2J2')]",2.0,OnPLs,No Config,HillClimb
573,15.0,50.0,45.0,14.0,17.0,"[('P49418', 'Q9BY11'), ('P61981', 'Q9Y2J2')]",2.0,OnPLs,No Config,HillClimb
574,15.0,50.0,45.0,14.0,17.0,"[('P49418', 'Q9BY11'), ('P61981', 'Q9Y2J2')]",2.0,OnPLs,No Config,HillClimb
575,15.0,50.0,45.0,14.0,17.0,"[('P49418', 'Q9BY11'), ('P61981', 'Q9Y2J2')]",2.0,OnPLs,No Config,HillClimb
576,15.0,50.0,45.0,14.0,17.0,"[('P49418', 'Q9BY11'), ('P61981', 'Q9Y2J2')]",2.0,OnPLs,No Config,HillClimb
577,15.0,50.0,45.0,14.0,17.0,"[('P49418', 'Q9BY11'), ('P61981', 'Q9Y2J2')]",2.0,OnPLs,No Config,HillClimb
578,15.0,50.0,45.0,14.0,17.0,"[('P49418', 'Q9BY11'), ('P61981', 'Q9Y2J2')]",2.0,OnPLs,No Config,HillClimb
579,15.0,50.0,45.0,14.0,17.0,"[('P49418', 'Q9BY11'), ('P61981', 'Q9Y2J2')]",2.0,OnPLs,No Config,HillClimb
580,15.0,50.0,45.0,14.0,17.0,"[('P49418', 'Q9BY11'), ('P61981', 'Q9Y2J2')]",2.0,OnPLs,No Config,HillClimb
581,15.0,50.0,45.0,14.0,17.0,"[('P49418', 'Q9BY11'), ('P61981', 'Q9Y2J2')]",2.0,OnPLs,No Config,HillClimb
582,15.0,50.0,45.0,14.0,17.0,"[('P49418', 'Q9BY11'), ('P61981', 'Q9Y2J2')]",2.0,OnPLs,No Config,HillClimb
583,15.0,50.0,45.0,14.0,17.0,"[('P49418', 'Q9BY11'), ('P61981', 'Q9Y2J2')]",2.0,OnPLs,No Config,HillClimb
584,15.0,50.0,45.0,14.0,17.0,"[('P49418', 'Q9BY11'), ('P61981', 'Q9Y2J2')]",2.0,OnPLs,No Config,HillClimb
585,15.0,50.0,45.0,14.0,17.0,"[('P49418', 'Q9BY11'), ('P61981', 'Q9Y2J2')]",2.0,OnPLs,No Config,HillClimb
586,15.0,50.0,45.0,14.0,17.0,"[('P49418', 'Q9BY11'), ('P61981', 'Q9Y2J2')]",2.0,OnPLs,No Config,HillClimb
587,15.0,50.0,45.0,14.0,17.0,"[('P49418', 'Q9BY11'), ('P61981', 'Q9Y2J2')]",2.0,OnPLs,No Config,HillClimb
588,15.0,50.0,45.0,14.0,17.0,"[('P49418', 'Q9BY11'), ('P61981', 'Q9Y2J2')]",2.0,OnPLs,No Config,HillClimb
589,15.0,50.0,45.0,14.0,17.0,"[('P49418', 'Q9BY11'), ('P61981', 'Q9Y2J2')]",2.0,OnPLs,No Config,HillClimb
590,15.0,50.0,45.0,14.0,17.0,"[('P49418', 'Q9BY11'), ('P61981', 'Q9Y2J2')]",2.0,OnPLs,No Config,HillClimb
591,15.0,50.0,45.0,14.0,17.0,"[('P49418', 'Q9BY11'), ('P61981', 'Q9Y2J2')]",2.0,OnPLs,No Config,HillClimb
592,15.0,50.0,45.0,14.0,17.0,"[('P49418', 'Q9BY11'), ('P61981', 'Q9Y2J2')]",2.0,OnPLs,No Config,HillClimb
593,15.0,50.0,45.0,14.0,17.0,"[('P49418', 'Q9BY11'), ('P61981', 'Q9Y2J2')]",2.0,OnPLs,No Config,HillClimb
594,15.0,50.0,45.0,14.0,17.0,"[('P49418', 'Q9BY11'), ('P61981', 'Q9Y2J2')]",2.0,OnPLs,No Config,HillClimb
595,15.0,50.0,45.0,14.0,17.0,"[('P49418', 'Q9BY11'), ('P61981', 'Q9Y2J2')]",2.0,OnPLs,No Config,HillClimb
596,15.0,50.0,45.0,14.0,17.0,"[('P49418', 'Q9BY11'), ('P61981', 'Q9Y2J2')]",2.0,OnPLs,No Config,HillClimb
597,15.0,50.0,45.0,14.0,17.0,"[('P49418', 'Q9BY11'), ('P61981', 'Q9Y2J2')]",2.0,OnPLs,No Config,HillClimb
598,15.0,50.0,45.0,14.0,17.0,"[('P49418', 'Q9BY11'), ('P61981', 'Q9Y2J2')]",2.0,OnPLs,No Config,HillClimb
599,15.0,50.0,45.0,14.0,17.0,"[('P49418', 'Q9BY11'), ('P61981', 'Q9Y2J2')]",2.0,OnPLs,No Config,HillClimb
600,15.0,50.0,45.0,14.0,17.0,"[('P49418', 'Q9BY11'), ('P61981', 'Q9Y2J2')]",2.0,OnPLs,No Config,HillClimb
601,15.0,50.0,45.0,14.0,17.0,"[('P49418', 'Q9BY11'), ('P61981', 'Q9Y2J2')]",2.0,OnPLs,No Config,HillClimb
602,15.0,50.0,45.0,14.0,17.0,"[('P49418', 'Q9BY11'), ('P61981', 'Q9Y2J2')]",2.0,OnPLs,No Config,HillClimb
603,35.0,116.0,105.0,67.0,45.0,"[('P49418', 'Q9BY11')]",1.0,OnPLs,No Config,HillClimb
604,35.0,116.0,105.0,67.0,45.0,"[('P49418', 'Q9BY11')]",1.0,OnPLs,No Config,HillClimb
605,35.0,116.0,105.0,67.0,45.0,"[('P49418', 'Q9BY11')]",1.0,OnPLs,No Config,HillClimb
606,35.0,116.0,105.0,67.0,45.0,"[('P49418', 'Q9BY11')]",1.0,OnPLs,No Config,HillClimb
607,35.0,116.0,105.0,67.0,45.0,"[('P49418', 'Q9BY11')]",1.0,OnPLs,No Config,HillClimb
608,35.0,116.0,105.0,67.0,45.0,"[('P49418', 'Q9BY11')]",1.0,OnPLs,No Config,HillClimb
609,35.0,115.0,105.0,67.0,45.0,"[('P49418', 'Q9BY11')]",1.0,OnPLs,No Config,HillClimb
610,35.0,116.0,105.0,67.0,45.0,"[('P49418', 'Q9BY11')]",1.0,OnPLs,No Config,HillClimb
611,3.0,10.0,9.0,0.0,0.0,[],0.0,OnPLs,No Config,HillClimb
612,4.0,14.0,12.0,1.0,2.0,[],0.0,OnPLs,No Config,HillClimb
613,5.0,17.0,15.0,2.0,4.0,[],0.0,OnPLs,No Config,HillClimb
614,5.0,17.0,15.0,2.0,4.0,[],0.0,OnPLs,No Config,HillClimb
615,5.0,17.0,15.0,2.0,4.0,[],0.0,OnPLs,No Config,HillClimb
616,5.0,17.0,15.0,2.0,4.0,[],0.0,OnPLs,No Config,HillClimb
617,5.0,17.0,15.0,2.0,4.0,[],0.0,OnPLs,No Config,HillClimb
618,5.0,17.0,15.0,2.0,4.0,[],0.0,OnPLs,No Config,HillClimb
619,5.0,17.0,15.0,2.0,4.0,[],0.0,OnPLs,No Config,HillClimb
620,5.0,17.0,15.0,2.0,4.0,[],0.0,OnPLs,No Config,HillClimb
621,5.0,17.0,15.0,2.0,4.0,[],0.0,OnPLs,No Config,HillClimb
622,5.0,17.0,15.0,2.0,4.0,[],0.0,OnPLs,No Config,HillClimb
623,5.0,17.0,15.0,2.0,4.0,[],0.0,OnPLs,No Config,HillClimb
624,5.0,17.0,15.0,2.0,4.0,[],0.0,OnPLs,No Config,HillClimb
625,5.0,17.0,15.0,2.0,4.0,[],0.0,OnPLs,No Config,HillClimb
626,5.0,17.0,15.0,2.0,4.0,[],0.0,OnPLs,No Config,HillClimb
627,5.0,17.0,15.0,2.0,4.0,[],0.0,OnPLs,No Config,HillClimb
628,5.0,17.0,15.0,2.0,4.0,[],0.0,OnPLs,No Config,HillClimb
629,5.0,17.0,15.0,2.0,4.0,[],0.0,OnPLs,No Config,HillClimb
630,5.0,17.0,15.0,2.0,4.0,[],0.0,OnPLs,No Config,HillClimb
631,5.0,17.0,15.0,2.0,4.0,[],0.0,OnPLs,No Config,HillClimb
632,5.0,17.0,15.0,2.0,4.0,[],0.0,OnPLs,No Config,HillClimb
633,5.0,17.0,15.0,2.0,4.0,[],0.0,OnPLs,No Config,HillClimb
634,5.0,17.0,15.0,2.0,4.0,[],0.0,OnPLs,No Config,HillClimb
635,5.0,17.0,15.0,2.0,4.0,[],0.0,OnPLs,No Config,HillClimb
636,5.0,17.0,15.0,2.0,4.0,[],0.0,OnPLs,No Config,HillClimb
637,5.0,17.0,15.0,2.0,4.0,[],0.0,OnPLs,No Config,HillClimb
638,5.0,17.0,15.0,2.0,4.0,[],0.0,OnPLs,No Config,HillClimb
639,5.0,17.0,15.0,2.0,4.0,[],0.0,OnPLs,No Config,HillClimb
640,5.0,17.0,15.0,2.0,4.0,[],0.0,OnPLs,No Config,HillClimb
641,5.0,17.0,15.0,2.0,4.0,[],0.0,OnPLs,No Config,HillClimb
642,5.0,17.0,15.0,2.0,4.0,[],0.0,OnPLs,No Config,HillClimb
643,5.0,17.0,15.0,2.0,4.0,[],0.0,OnPLs,No Config,HillClimb
644,5.0,17.0,15.0,2.0,4.0,[],0.0,OnPLs,No Config,HillClimb
645,5.0,17.0,15.0,2.0,4.0,[],0.0,OnPLs,No Config,HillClimb
646,5.0,17.0,15.0,2.0,4.0,[],0.0,OnPLs,No Config,HillClimb
647,5.0,17.0,15.0,2.0,4.0,[],0.0,OnPLs,No Config,HillClimb
648,5.0,17.0,15.0,2.0,4.0,[],0.0,OnPLs,No Config,HillClimb
649,5.0,17.0,15.0,2.0,4.0,[],0.0,OnPLs,No Config,HillClimb
650,5.0,17.0,15.0,2.0,4.0,[],0.0,OnPLs,No Config,HillClimb
651,5.0,17.0,15.0,2.0,4.0,[],0.0,OnPLs,No Config,HillClimb
652,5.0,17.0,15.0,2.0,4.0,[],0.0,OnPLs,No Config,HillClimb
653,5.0,17.0,15.0,2.0,4.0,[],0.0,OnPLs,No Config,HillClimb
654,5.0,17.0,15.0,2.0,4.0,[],0.0,OnPLs,No Config,HillClimb
655,5.0,17.0,15.0,2.0,4.0,[],0.0,OnPLs,No Config,HillClimb
656,5.0,17.0,15.0,2.0,4.0,[],0.0,OnPLs,No Config,HillClimb
657,5.0,17.0,15.0,2.0,4.0,[],0.0,OnPLs,No Config,HillClimb
658,5.0,17.0,15.0,2.0,4.0,[],0.0,OnPLs,No Config,HillClimb
659,5.0,17.0,15.0,2.0,4.0,[],0.0,OnPLs,No Config,HillClimb
660,5.0,17.0,15.0,2.0,4.0,[],0.0,OnPLs,No Config,HillClimb
661,5.0,17.0,15.0,2.0,4.0,[],0.0,OnPLs,No Config,HillClimb
662,5.0,17.0,15.0,2.0,4.0,[],0.0,OnPLs,No Config,HillClimb
663,5.0,17.0,15.0,2.0,4.0,[],0.0,OnPLs,No Config,HillClimb
664,5.0,17.0,15.0,2.0,4.0,[],0.0,OnPLs,No Config,HillClimb
665,5.0,17.0,15.0,2.0,4.0,[],0.0,OnPLs,No Config,HillClimb
666,5.0,17.0,15.0,2.0,4.0,[],0.0,OnPLs,No Config,HillClimb
667,5.0,17.0,15.0,2.0,4.0,[],0.0,OnPLs,No Config,HillClimb
668,5.0,17.0,15.0,2.0,4.0,[],0.0,OnPLs,No Config,HillClimb
669,5.0,17.0,15.0,2.0,4.0,[],0.0,OnPLs,No Config,HillClimb
670,5.0,17.0,15.0,2.0,4.0,[],0.0,OnPLs,No Config,HillClimb
671,5.0,17.0,15.0,2.0,4.0,[],0.0,OnPLs,No Config,HillClimb
672,5.0,17.0,15.0,2.0,4.0,[],0.0,OnPLs,No Config,HillClimb
673,5.0,17.0,15.0,2.0,4.0,[],0.0,OnPLs,No Config,HillClimb
674,5.0,17.0,15.0,2.0,4.0,[],0.0,OnPLs,No Config,HillClimb
675,5.0,17.0,15.0,2.0,4.0,[],0.0,OnPLs,No Config,HillClimb
676,5.0,17.0,15.0,2.0,4.0,[],0.0,OnPLs,No Config,HillClimb
677,5.0,17.0,15.0,2.0,4.0,[],0.0,OnPLs,No Config,HillClimb
678,5.0,17.0,15.0,2.0,4.0,[],0.0,OnPLs,No Config,HillClimb
679,5.0,17.0,15.0,2.0,4.0,[],0.0,OnPLs,No Config,HillClimb
680,5.0,17.0,15.0,2.0,4.0,[],0.0,OnPLs,No Config,HillClimb
681,5.0,17.0,15.0,2.0,4.0,[],0.0,OnPLs,No Config,HillClimb
682,5.0,17.0,15.0,2.0,4.0,[],0.0,OnPLs,No Config,HillClimb
683,5.0,17.0,15.0,2.0,4.0,[],0.0,OnPLs,No Config,HillClimb
684,5.0,17.0,15.0,2.0,4.0,[],0.0,OnPLs,No Config,HillClimb
685,5.0,17.0,15.0,2.0,4.0,[],0.0,OnPLs,No Config,HillClimb
686,5.0,17.0,15.0,2.0,4.0,[],0.0,OnPLs,No Config,HillClimb
687,5.0,17.0,15.0,2.0,4.0,[],0.0,OnPLs,No Config,HillClimb
688,5.0,17.0,15.0,2.0,4.0,[],0.0,OnPLs,No Config,HillClimb
689,5.0,17.0,15.0,2.0,4.0,[],0.0,OnPLs,No Config,HillClimb
690,5.0,17.0,15.0,2.0,4.0,[],0.0,OnPLs,No Config,HillClimb
691,5.0,17.0,15.0,2.0,4.0,[],0.0,OnPLs,No Config,HillClimb
692,5.0,17.0,15.0,2.0,4.0,[],0.0,OnPLs,No Config,HillClimb
693,5.0,17.0,15.0,2.0,4.0,[],0.0,OnPLs,No Config,HillClimb
694,5.0,17.0,15.0,2.0,4.0,[],0.0,OnPLs,No Config,HillClimb
695,5.0,17.0,15.0,2.0,4.0,[],0.0,OnPLs,No Config,HillClimb
696,5.0,17.0,15.0,2.0,4.0,[],0.0,OnPLs,No Config,HillClimb
697,5.0,17.0,15.0,2.0,4.0,[],0.0,OnPLs,No Config,HillClimb
698,5.0,17.0,15.0,2.0,4.0,[],0.0,OnPLs,No Config,HillClimb
699,5.0,17.0,15.0,2.0,4.0,[],0.0,OnPLs,No Config,HillClimb
700,5.0,17.0,15.0,2.0,4.0,[],0.0,OnPLs,No Config,HillClimb
701,5.0,17.0,15.0,2.0,4.0,[],0.0,OnPLs,No Config,HillClimb
702,5.0,17.0,15.0,2.0,4.0,[],0.0,OnPLs,No Config,HillClimb
703,5.0,17.0,15.0,2.0,4.0,[],0.0,OnPLs,No Config,HillClimb
704,5.0,17.0,15.0,2.0,4.0,[],0.0,OnPLs,No Config,HillClimb
705,5.0,17.0,15.0,2.0,4.0,[],0.0,OnPLs,No Config,HillClimb
706,5.0,17.0,15.0,2.0,4.0,[],0.0,OnPLs,No Config,HillClimb
707,5.0,17.0,15.0,2.0,4.0,[],0.0,OnPLs,No Config,HillClimb
708,5.0,17.0,15.0,2.0,4.0,[],0.0,OnPLs,No Config,HillClimb
709,5.0,17.0,15.0,2.0,4.0,[],0.0,OnPLs,No Config,HillClimb
710,5.0,17.0,15.0,2.0,4.0,[],0.0,OnPLs,No Config,HillClimb
711,5.0,17.0,15.0,2.0,4.0,[],0.0,OnPLs,No Config,HillClimb
712,5.0,17.0,15.0,2.0,4.0,[],0.0,OnPLs,No Config,HillClimb
713,5.0,17.0,15.0,2.0,4.0,[],0.0,OnPLs,No Config,HillClimb
714,5.0,10.0,15.0,2.0,4.0,[],0.0,OnPLs,Config(wb),HillClimb
715,5.0,10.0,15.0,2.0,4.0,[],0.0,OnPLs,Config(wb),HillClimb
716,5.0,10.0,15.0,2.0,4.0,[],0.0,OnPLs,Config(wb),HillClimb
717,5.0,10.0,15.0,2.0,4.0,[],0.0,OnPLs,Config(wb),HillClimb
718,5.0,10.0,15.0,2.0,4.0,[],0.0,OnPLs,Config(wb),HillClimb
719,5.0,10.0,15.0,2.0,4.0,[],0.0,OnPLs,Config(wb),HillClimb
720,5.0,10.0,15.0,2.0,4.0,[],0.0,OnPLs,Config(wb),HillClimb
721,5.0,10.0,15.0,2.0,4.0,[],0.0,OnPLs,Config(wb),HillClimb
722,5.0,10.0,15.0,2.0,4.0,[],0.0,OnPLs,Config(wb),HillClimb
723,5.0,10.0,15.0,2.0,4.0,[],0.0,OnPLs,Config(wb),HillClimb
724,5.0,10.0,15.0,2.0,4.0,[],0.0,OnPLs,Config(wb),HillClimb
725,5.0,10.0,15.0,2.0,4.0,[],0.0,OnPLs,Config(wb),HillClimb
726,5.0,10.0,15.0,2.0,4.0,[],0.0,OnPLs,Config(wb),HillClimb
727,5.0,10.0,15.0,2.0,4.0,[],0.0,OnPLs,Config(wb),HillClimb
728,5.0,10.0,15.0,2.0,4.0,[],0.0,OnPLs,Config(wb),HillClimb
729,5.0,10.0,15.0,2.0,4.0,[],0.0,OnPLs,Config(wb),HillClimb
730,5.0,10.0,15.0,2.0,4.0,[],0.0,OnPLs,Config(wb),HillClimb
731,5.0,10.0,15.0,2.0,4.0,[],0.0,OnPLs,Config(wb),HillClimb
732,5.0,10.0,15.0,2.0,4.0,[],0.0,OnPLs,Config(wb),HillClimb
733,5.0,10.0,15.0,2.0,4.0,[],0.0,OnPLs,Config(wb),HillClimb
734,5.0,10.0,15.0,2.0,4.0,[],0.0,OnPLs,Config(wb),HillClimb
735,5.0,10.0,15.0,2.0,4.0,[],0.0,OnPLs,Config(wb),HillClimb
736,5.0,10.0,15.0,2.0,4.0,[],0.0,OnPLs,Config(wb),HillClimb
737,5.0,10.0,15.0,2.0,4.0,[],0.0,OnPLs,Config(wb),HillClimb
738,5.0,10.0,15.0,2.0,4.0,[],0.0,OnPLs,Config(wb),HillClimb
739,5.0,10.0,15.0,2.0,4.0,[],0.0,OnPLs,Config(wb),HillClimb
740,5.0,10.0,15.0,2.0,4.0,[],0.0,OnPLs,Config(wb),HillClimb
741,5.0,10.0,15.0,2.0,4.0,[],0.0,OnPLs,Config(wb),HillClimb
742,5.0,10.0,15.0,2.0,4.0,[],0.0,OnPLs,Config(wb),HillClimb
743,5.0,10.0,15.0,2.0,4.0,[],0.0,OnPLs,Config(wb),HillClimb
744,5.0,10.0,15.0,2.0,4.0,[],0.0,OnPLs,Config(wb),HillClimb
745,5.0,10.0,15.0,2.0,4.0,[],0.0,OnPLs,Config(wb),HillClimb
746,5.0,10.0,15.0,2.0,4.0,[],0.0,OnPLs,Config(wb),HillClimb
747,5.0,10.0,15.0,2.0,4.0,[],0.0,OnPLs,Config(wb),HillClimb
748,5.0,10.0,15.0,2.0,4.0,[],0.0,OnPLs,Config(wb),HillClimb
749,5.0,10.0,15.0,2.0,4.0,[],0.0,OnPLs,Config(wb),HillClimb
750,5.0,10.0,15.0,2.0,4.0,[],0.0,OnPLs,Config(wb),HillClimb
751,5.0,10.0,15.0,2.0,4.0,[],0.0,OnPLs,Config(wb),HillClimb
752,5.0,10.0,15.0,2.0,4.0,[],0.0,OnPLs,Config(wb),HillClimb
753,5.0,10.0,15.0,2.0,4.0,[],0.0,OnPLs,Config(wb),HillClimb
754,5.0,10.0,15.0,2.0,4.0,[],0.0,OnPLs,Config(wb),HillClimb
755,5.0,10.0,15.0,2.0,4.0,[],0.0,OnPLs,Config(wb),HillClimb
756,5.0,10.0,15.0,2.0,4.0,[],0.0,OnPLs,Config(wb),HillClimb
757,5.0,10.0,15.0,2.0,4.0,[],0.0,OnPLs,Config(wb),HillClimb
758,5.0,10.0,15.0,2.0,4.0,[],0.0,OnPLs,Config(wb),HillClimb
759,5.0,10.0,15.0,2.0,4.0,[],0.0,OnPLs,Config(wb),HillClimb
760,5.0,10.0,15.0,2.0,4.0,[],0.0,OnPLs,Config(wb),HillClimb
761,5.0,10.0,15.0,2.0,4.0,[],0.0,OnPLs,Config(wb),HillClimb
762,5.0,10.0,15.0,2.0,4.0,[],0.0,OnPLs,Config(wb),HillClimb
763,5.0,10.0,15.0,2.0,4.0,[],0.0,OnPLs,Config(wb),HillClimb
764,5.0,10.0,15.0,2.0,4.0,[],0.0,OnPLs,Config(wb),HillClimb
765,5.0,10.0,15.0,2.0,4.0,[],0.0,OnPLs,Config(wb),HillClimb
766,5.0,10.0,15.0,2.0,4.0,[],0.0,OnPLs,Config(wb),HillClimb
767,5.0,10.0,15.0,2.0,4.0,[],0.0,OnPLs,Config(wb),HillClimb
768,5.0,10.0,15.0,2.0,4.0,[],0.0,OnPLs,Config(wb),HillClimb
769,5.0,10.0,15.0,2.0,4.0,[],0.0,OnPLs,Config(wb),HillClimb
770,5.0,10.0,15.0,2.0,4.0,[],0.0,OnPLs,Config(wb),HillClimb
771,5.0,10.0,15.0,2.0,4.0,[],0.0,OnPLs,Config(wb),HillClimb
772,5.0,10.0,15.0,2.0,4.0,[],0.0,OnPLs,Config(wb),HillClimb
773,5.0,10.0,15.0,2.0,4.0,[],0.0,OnPLs,Config(wb),HillClimb
774,5.0,10.0,15.0,2.0,4.0,[],0.0,OnPLs,Config(wb),HillClimb
775,5.0,10.0,15.0,2.0,4.0,[],0.0,OnPLs,Config(wb),HillClimb
776,5.0,10.0,15.0,2.0,4.0,[],0.0,OnPLs,Config(wb),HillClimb
777,5.0,10.0,15.0,2.0,4.0,[],0.0,OnPLs,Config(wb),HillClimb
778,5.0,10.0,15.0,2.0,4.0,[],0.0,OnPLs,Config(wb),HillClimb
779,5.0,10.0,15.0,2.0,4.0,[],0.0,OnPLs,Config(wb),HillClimb
780,5.0,10.0,15.0,2.0,4.0,[],0.0,OnPLs,Config(wb),HillClimb
781,5.0,10.0,15.0,2.0,4.0,[],0.0,OnPLs,Config(wb),HillClimb
782,5.0,10.0,15.0,2.0,4.0,[],0.0,OnPLs,Config(wb),HillClimb
783,5.0,10.0,15.0,2.0,4.0,[],0.0,OnPLs,Config(wb),HillClimb
784,5.0,10.0,15.0,2.0,4.0,[],0.0,OnPLs,Config(wb),HillClimb
785,5.0,10.0,15.0,2.0,4.0,[],0.0,OnPLs,Config(wb),HillClimb
786,5.0,10.0,15.0,2.0,4.0,[],0.0,OnPLs,Config(wb),HillClimb
787,5.0,10.0,15.0,2.0,4.0,[],0.0,OnPLs,Config(wb),HillClimb
788,5.0,10.0,15.0,2.0,4.0,[],0.0,OnPLs,Config(wb),HillClimb
789,5.0,10.0,15.0,2.0,4.0,[],0.0,OnPLs,Config(wb),HillClimb
790,5.0,10.0,15.0,2.0,4.0,[],0.0,OnPLs,Config(wb),HillClimb
791,5.0,10.0,15.0,2.0,4.0,[],0.0,OnPLs,Config(wb),HillClimb
792,5.0,10.0,15.0,2.0,4.0,[],0.0,OnPLs,Config(wb),HillClimb
793,5.0,10.0,15.0,2.0,4.0,[],0.0,OnPLs,Config(wb),HillClimb
794,5.0,10.0,15.0,2.0,4.0,[],0.0,OnPLs,Config(wb),HillClimb
795,5.0,10.0,15.0,2.0,4.0,[],0.0,OnPLs,Config(wb),HillClimb
796,5.0,10.0,15.0,2.0,4.0,[],0.0,OnPLs,Config(wb),HillClimb
797,5.0,10.0,15.0,2.0,4.0,[],0.0,OnPLs,Config(wb),HillClimb
798,5.0,10.0,15.0,2.0,4.0,[],0.0,OnPLs,Config(wb),HillClimb
799,5.0,10.0,15.0,2.0,4.0,[],0.0,OnPLs,Config(wb),HillClimb
800,5.0,10.0,15.0,2.0,4.0,[],0.0,OnPLs,Config(wb),HillClimb
801,5.0,10.0,15.0,2.0,4.0,[],0.0,OnPLs,Config(wb),HillClimb
802,5.0,10.0,15.0,2.0,4.0,[],0.0,OnPLs,Config(wb),HillClimb
803,5.0,10.0,15.0,2.0,4.0,[],0.0,OnPLs,Config(wb),HillClimb
804,5.0,10.0,15.0,2.0,4.0,[],0.0,OnPLs,Config(wb),HillClimb
805,5.0,10.0,15.0,2.0,4.0,[],0.0,OnPLs,Config(wb),HillClimb
806,5.0,10.0,15.0,2.0,4.0,[],0.0,OnPLs,Config(wb),HillClimb
807,5.0,10.0,15.0,2.0,4.0,[],0.0,OnPLs,Config(wb),HillClimb
808,5.0,10.0,15.0,2.0,4.0,[],0.0,OnPLs,Config(wb),HillClimb
809,5.0,10.0,15.0,2.0,4.0,[],0.0,OnPLs,Config(wb),HillClimb
810,5.0,10.0,15.0,2.0,4.0,[],0.0,OnPLs,Config(wb),HillClimb
811,5.0,10.0,15.0,2.0,4.0,[],0.0,OnPLs,Config(wb),HillClimb
812,5.0,10.0,15.0,2.0,4.0,[],0.0,OnPLs,Config(wb),HillClimb
813,5.0,10.0,15.0,2.0,4.0,[],0.0,OnPLs,Config(wb),HillClimb
814,15.0,48.0,45.0,4.0,4.0,[],0.0,Random,No Config,HillClimb
815,15.0,51.0,45.0,1.0,2.0,[],0.0,Random,No Config,HillClimb
816,15.0,49.0,45.0,2.0,4.0,[],0.0,Random,No Config,HillClimb
817,15.0,46.0,45.0,4.0,4.0,[],0.0,Random,No Config,HillClimb
818,15.0,49.0,45.0,0.0,0.0,[],0.0,Random,No Config,HillClimb
819,15.0,52.0,45.0,1.0,2.0,[],0.0,Random,No Config,HillClimb
820,15.0,50.0,45.0,14.0,17.0,"[('P49418', 'Q9BY11'), ('P61981', 'Q9Y2J2')]",2.0,OnPLs,No Config,HillClimb
821,5.0,17.0,15.0,0.0,0.0,[],0.0,OnPLs,No Config,HillClimb
822,10.0,34.0,30.0,2.0,4.0,"[('P61981', 'P63027')]",1.0,OnPLs,No Config,HillClimb
823,10.0,36.0,30.0,8.0,11.0,[],0.0,OnPLs,No Config,HillClimb
824,15.0,50.0,45.0,14.0,17.0,"[('P49418', 'Q9BY11'), ('P61981', 'Q9Y2J2')]",2.0,OnPLs,No Config,HillClimb
825,15.0,50.0,45.0,14.0,17.0,"[('P49418', 'Q9BY11'), ('P61981', 'Q9Y2J2')]",2.0,OnPLs,No Config,HillClimb
826,15.0,50.0,45.0,14.0,17.0,"[('P49418', 'Q9BY11'), ('P61981', 'Q9Y2J2')]",2.0,OnPLs,No Config,HillClimb
827,15.0,49.0,45.0,3.0,5.0,[],0.0,Random,No Config,HillClimb
828,15.0,52.0,45.0,6.0,9.0,[],0.0,Random,No Config,HillClimb
829,15.0,46.0,45.0,0.0,0.0,[],0.0,Random,No Config,HillClimb
830,15.0,49.0,45.0,1.0,2.0,[],0.0,Random,No Config,HillClimb
831,15.0,49.0,45.0,8.0,11.0,"[('ENSG00000068024', 'P68431')]",1.0,Random,No Config,HillClimb
832,15.0,48.0,45.0,3.0,6.0,[],0.0,Random,No Config,HillClimb
833,15.0,48.0,45.0,5.0,8.0,[],0.0,Random,No Config,HillClimb
834,15.0,53.0,45.0,2.0,3.0,[],0.0,Random,No Config,HillClimb
835,15.0,48.0,45.0,10.0,12.0,[],0.0,Random,No Config,HillClimb
836,15.0,49.0,45.0,8.0,9.0,[],0.0,Random,No Config,HillClimb
837,15.0,50.0,45.0,9.0,11.0,[],0.0,Random,No Config,HillClimb
838,15.0,48.0,45.0,7.0,10.0,[],0.0,Random,No Config,HillClimb
839,15.0,50.0,45.0,5.0,7.0,[],0.0,Random,No Config,HillClimb
840,15.0,50.0,45.0,0.0,0.0,[],0.0,Random,No Config,HillClimb
841,15.0,48.0,45.0,12.0,14.0,[],0.0,Random,No Config,HillClimb
842,15.0,51.0,45.0,5.0,7.0,[],0.0,Random,No Config,HillClimb
843,15.0,48.0,45.0,6.0,8.0,[],0.0,Random,No Config,HillClimb
844,15.0,46.0,45.0,2.0,3.0,[],0.0,Random,No Config,HillClimb
845,15.0,48.0,45.0,2.0,4.0,[],0.0,Random,No Config,HillClimb
846,15.0,49.0,45.0,4.0,7.0,[],0.0,Random,No Config,HillClimb
847,15.0,52.0,45.0,1.0,2.0,[],0.0,Random,No Config,HillClimb
848,15.0,52.0,45.0,3.0,5.0,[],0.0,Random,No Config,HillClimb
849,15.0,52.0,45.0,5.0,7.0,[],0.0,Random,No Config,HillClimb
850,15.0,47.0,45.0,5.0,8.0,[],0.0,Random,No Config,HillClimb
851,15.0,50.0,45.0,3.0,5.0,[],0.0,Random,No Config,HillClimb
852,15.0,47.0,45.0,2.0,4.0,[],0.0,Random,No Config,HillClimb
853,15.0,48.0,45.0,6.0,8.0,[],0.0,Random,No Config,HillClimb
854,15.0,51.0,45.0,0.0,0.0,[],0.0,Random,No Config,HillClimb
855,15.0,49.0,45.0,3.0,6.0,[],0.0,Random,No Config,HillClimb
856,15.0,46.0,45.0,3.0,5.0,[],0.0,Random,No Config,HillClimb
857,15.0,48.0,45.0,6.0,9.0,[],0.0,Random,No Config,HillClimb
858,15.0,48.0,45.0,1.0,2.0,[],0.0,Random,No Config,HillClimb
859,15.0,48.0,45.0,5.0,6.0,[],0.0,Random,No Config,HillClimb
860,15.0,48.0,45.0,4.0,6.0,[],0.0,Random,No Config,HillClimb
861,15.0,52.0,45.0,4.0,6.0,[],0.0,Random,No Config,HillClimb
862,15.0,51.0,45.0,8.0,9.0,[],0.0,Random,No Config,HillClimb
863,15.0,49.0,45.0,3.0,6.0,[],0.0,Random,No Config,HillClimb
864,15.0,49.0,45.0,3.0,6.0,[],0.0,Random,No Config,HillClimb
865,15.0,52.0,45.0,5.0,7.0,[],0.0,Random,No Config,HillClimb
866,15.0,49.0,45.0,2.0,3.0,[],0.0,Random,No Config,HillClimb
867,15.0,47.0,45.0,2.0,4.0,[],0.0,Random,No Config,HillClimb
868,15.0,48.0,45.0,0.0,0.0,[],0.0,Random,No Config,HillClimb
869,15.0,51.0,45.0,2.0,4.0,[],0.0,Random,No Config,HillClimb
870,15.0,48.0,45.0,0.0,0.0,[],0.0,Random,No Config,HillClimb
871,15.0,48.0,45.0,1.0,2.0,[],0.0,Random,No Config,HillClimb
872,15.0,49.0,45.0,5.0,7.0,[],0.0,Random,No Config,HillClimb
873,15.0,47.0,45.0,1.0,2.0,[],0.0,Random,No Config,HillClimb
874,15.0,50.0,45.0,3.0,6.0,[],0.0,Random,No Config,HillClimb
875,15.0,45.0,45.0,12.0,13.0,[],0.0,Random,No Config,HillClimb
876,15.0,51.0,45.0,8.0,11.0,"[('O75880', 'ENSG00000173163')]",1.0,Random,No Config,HillClimb
877,15.0,45.0,45.0,5.0,8.0,[],0.0,Random,No Config,HillClimb
878,15.0,48.0,45.0,7.0,11.0,[],0.0,Random,No Config,HillClimb
879,15.0,50.0,45.0,4.0,5.0,[],0.0,Random,No Config,HillClimb
880,15.0,49.0,45.0,2.0,4.0,[],0.0,Random,No Config,HillClimb
881,15.0,48.0,45.0,3.0,6.0,[],0.0,Random,No Config,HillClimb
882,15.0,48.0,45.0,8.0,11.0,[],0.0,Random,No Config,HillClimb
883,15.0,51.0,45.0,1.0,2.0,[],0.0,Random,No Config,HillClimb
884,15.0,51.0,45.0,1.0,2.0,[],0.0,Random,No Config,HillClimb
885,15.0,48.0,45.0,8.0,10.0,[],0.0,Random,No Config,HillClimb
886,15.0,46.0,45.0,12.0,14.0,[],0.0,Random,No Config,HillClimb
887,15.0,48.0,45.0,7.0,7.0,[],0.0,Random,No Config,HillClimb
888,15.0,49.0,45.0,1.0,2.0,[],0.0,Random,No Config,HillClimb
889,15.0,51.0,45.0,1.0,2.0,[],0.0,Random,No Config,HillClimb
890,15.0,50.0,45.0,1.0,2.0,[],0.0,Random,No Config,HillClimb
891,15.0,50.0,45.0,12.0,13.0,[],0.0,Random,No Config,HillClimb
892,15.0,46.0,45.0,2.0,4.0,[],0.0,Random,No Config,HillClimb
893,15.0,50.0,45.0,3.0,6.0,"[('Q71U36', 'O75347')]",1.0,Random,No Config,HillClimb
894,15.0,51.0,45.0,7.0,9.0,[],0.0,Random,No Config,HillClimb
895,15.0,49.0,45.0,1.0,2.0,[],0.0,Random,No Config,HillClimb
896,15.0,47.0,45.0,7.0,8.0,[],0.0,Random,No Config,HillClimb
897,15.0,50.0,45.0,6.0,6.0,[],0.0,Random,No Config,HillClimb
898,15.0,51.0,45.0,9.0,13.0,[],0.0,Random,No Config,HillClimb
899,15.0,49.0,45.0,6.0,8.0,[],0.0,Random,No Config,HillClimb
900,15.0,49.0,45.0,1.0,2.0,[],0.0,Random,No Config,HillClimb
901,15.0,49.0,45.0,4.0,7.0,"[('P30101', 'Q12805')]",1.0,Random,No Config,HillClimb
902,15.0,51.0,45.0,3.0,6.0,"[('ENSG00000198939', 'Q9H0Q0')]",1.0,Random,No Config,HillClimb
903,15.0,49.0,45.0,9.0,11.0,[],0.0,Random,No Config,HillClimb
904,15.0,50.0,45.0,2.0,4.0,[],0.0,Random,No Config,HillClimb
905,15.0,47.0,45.0,0.0,0.0,[],0.0,Random,No Config,HillClimb
906,15.0,51.0,45.0,8.0,10.0,[],0.0,Random,No Config,HillClimb
907,15.0,47.0,45.0,3.0,5.0,[],0.0,Random,No Config,HillClimb
908,15.0,49.0,45.0,2.0,3.0,[],0.0,Random,No Config,HillClimb
909,15.0,49.0,45.0,5.0,9.0,[],0.0,Random,No Config,HillClimb
910,15.0,47.0,45.0,8.0,7.0,[],0.0,Random,No Config,HillClimb
911,15.0,50.0,45.0,2.0,4.0,[],0.0,Random,No Config,HillClimb
912,15.0,53.0,45.0,1.0,2.0,[],0.0,Random,No Config,HillClimb
913,15.0,50.0,45.0,4.0,7.0,[],0.0,Random,No Config,HillClimb
914,15.0,47.0,45.0,6.0,9.0,[],0.0,Random,No Config,HillClimb
915,15.0,47.0,45.0,2.0,4.0,[],0.0,Random,No Config,HillClimb
916,15.0,47.0,45.0,2.0,3.0,[],0.0,Random,No Config,HillClimb
917,15.0,51.0,45.0,2.0,4.0,[],0.0,Random,No Config,HillClimb
918,15.0,50.0,45.0,2.0,4.0,[],0.0,Random,No Config,HillClimb
919,15.0,50.0,45.0,1.0,2.0,[],0.0,Random,No Config,HillClimb
920,15.0,52.0,45.0,5.0,7.0,[],0.0,Random,No Config,HillClimb
921,15.0,48.0,45.0,4.0,6.0,[],0.0,Random,No Config,HillClimb
922,15.0,48.0,45.0,2.0,3.0,[],0.0,Random,No Config,HillClimb
923,15.0,52.0,45.0,1.0,2.0,[],0.0,Random,No Config,HillClimb
924,15.0,52.0,45.0,3.0,5.0,"[('P52209', 'P34949')]",1.0,Random,No Config,HillClimb
925,5.0,17.0,15.0,0.0,0.0,[],0.0,Random,No Config,HillClimb
926,5.0,17.0,15.0,0.0,0.0,[],0.0,Random,No Config,HillClimb
927,5.0,16.0,15.0,0.0,0.0,[],0.0,Random,No Config,HillClimb
928,5.0,17.0,15.0,0.0,0.0,[],0.0,Random,No Config,HillClimb
929,5.0,17.0,15.0,0.0,0.0,[],0.0,Random,No Config,HillClimb
930,5.0,17.0,15.0,0.0,0.0,[],0.0,Random,No Config,HillClimb
931,5.0,16.0,15.0,0.0,0.0,[],0.0,Random,No Config,HillClimb
932,5.0,17.0,15.0,0.0,0.0,[],0.0,Random,No Config,HillClimb
933,5.0,17.0,15.0,0.0,0.0,[],0.0,Random,No Config,HillClimb
934,5.0,17.0,15.0,0.0,0.0,[],0.0,Random,No Config,HillClimb
935,5.0,15.0,15.0,0.0,0.0,[],0.0,Random,No Config,HillClimb
936,5.0,16.0,15.0,0.0,0.0,[],0.0,Random,No Config,HillClimb
937,5.0,16.0,15.0,0.0,0.0,[],0.0,Random,No Config,HillClimb
938,5.0,17.0,15.0,0.0,0.0,[],0.0,Random,No Config,HillClimb
939,5.0,16.0,15.0,0.0,0.0,[],0.0,Random,No Config,HillClimb
940,5.0,16.0,15.0,0.0,0.0,[],0.0,Random,No Config,HillClimb
941,5.0,16.0,15.0,0.0,0.0,[],0.0,Random,No Config,HillClimb
942,5.0,17.0,15.0,0.0,0.0,[],0.0,Random,No Config,HillClimb
943,5.0,17.0,15.0,0.0,0.0,[],0.0,Random,No Config,HillClimb
944,5.0,18.0,15.0,0.0,0.0,[],0.0,Random,No Config,HillClimb
945,5.0,17.0,15.0,1.0,2.0,[],0.0,Random,No Config,HillClimb
946,5.0,16.0,15.0,0.0,0.0,[],0.0,Random,No Config,HillClimb
947,5.0,17.0,15.0,0.0,0.0,[],0.0,Random,No Config,HillClimb
948,5.0,17.0,15.0,0.0,0.0,[],0.0,Random,No Config,HillClimb
949,5.0,16.0,15.0,0.0,0.0,[],0.0,Random,No Config,HillClimb
950,5.0,15.0,15.0,0.0,0.0,[],0.0,Random,No Config,HillClimb
951,5.0,16.0,15.0,0.0,0.0,[],0.0,Random,No Config,HillClimb
952,5.0,17.0,15.0,0.0,0.0,[],0.0,Random,No Config,HillClimb
953,5.0,16.0,15.0,0.0,0.0,[],0.0,Random,No Config,HillClimb
954,5.0,18.0,15.0,0.0,0.0,[],0.0,Random,No Config,HillClimb
955,5.0,18.0,15.0,0.0,0.0,[],0.0,Random,No Config,HillClimb
956,5.0,18.0,15.0,1.0,2.0,[],0.0,Random,No Config,HillClimb
957,5.0,18.0,15.0,0.0,0.0,[],0.0,Random,No Config,HillClimb
958,5.0,17.0,15.0,0.0,0.0,[],0.0,Random,No Config,HillClimb
959,5.0,16.0,15.0,0.0,0.0,[],0.0,Random,No Config,HillClimb
960,5.0,18.0,15.0,0.0,0.0,[],0.0,Random,No Config,HillClimb
961,5.0,16.0,15.0,0.0,0.0,[],0.0,Random,No Config,HillClimb
962,5.0,18.0,15.0,0.0,0.0,[],0.0,Random,No Config,HillClimb
963,5.0,17.0,15.0,0.0,0.0,[],0.0,Random,No Config,HillClimb
964,5.0,15.0,15.0,0.0,0.0,[],0.0,Random,No Config,HillClimb
965,5.0,16.0,15.0,0.0,0.0,[],0.0,Random,No Config,HillClimb
966,5.0,15.0,15.0,0.0,0.0,[],0.0,Random,No Config,HillClimb
967,5.0,18.0,15.0,0.0,0.0,[],0.0,Random,No Config,HillClimb
968,5.0,16.0,15.0,0.0,0.0,[],0.0,Random,No Config,HillClimb
969,5.0,18.0,15.0,0.0,0.0,[],0.0,Random,No Config,HillClimb
970,5.0,15.0,15.0,0.0,0.0,[],0.0,Random,No Config,HillClimb
971,5.0,17.0,15.0,0.0,0.0,[],0.0,Random,No Config,HillClimb
972,5.0,17.0,15.0,0.0,0.0,[],0.0,Random,No Config,HillClimb
973,5.0,17.0,15.0,0.0,0.0,[],0.0,Random,No Config,HillClimb
974,5.0,16.0,15.0,0.0,0.0,[],0.0,Random,No Config,HillClimb
975,5.0,16.0,15.0,2.0,3.0,[],0.0,Random,No Config,HillClimb
976,5.0,16.0,15.0,0.0,0.0,[],0.0,Random,No Config,HillClimb
977,5.0,18.0,15.0,0.0,0.0,[],0.0,Random,No Config,HillClimb
978,5.0,17.0,15.0,0.0,0.0,[],0.0,Random,No Config,HillClimb
979,5.0,17.0,15.0,0.0,0.0,[],0.0,Random,No Config,HillClimb
980,5.0,17.0,15.0,0.0,0.0,[],0.0,Random,No Config,HillClimb
981,5.0,18.0,15.0,0.0,0.0,[],0.0,Random,No Config,HillClimb
982,5.0,18.0,15.0,0.0,0.0,[],0.0,Random,No Config,HillClimb
983,5.0,17.0,15.0,0.0,0.0,[],0.0,Random,No Config,HillClimb
984,5.0,16.0,15.0,0.0,0.0,[],0.0,Random,No Config,HillClimb
985,5.0,18.0,15.0,0.0,0.0,[],0.0,Random,No Config,HillClimb
986,5.0,17.0,15.0,0.0,0.0,[],0.0,Random,No Config,HillClimb
987,5.0,18.0,15.0,0.0,0.0,[],0.0,Random,No Config,HillClimb
988,5.0,17.0,15.0,0.0,0.0,[],0.0,Random,No Config,HillClimb
989,5.0,18.0,15.0,1.0,2.0,[],0.0,Random,No Config,HillClimb
990,5.0,16.0,15.0,0.0,0.0,[],0.0,Random,No Config,HillClimb
991,5.0,17.0,15.0,0.0,0.0,[],0.0,Random,No Config,HillClimb
992,5.0,17.0,15.0,0.0,0.0,[],0.0,Random,No Config,HillClimb
993,5.0,17.0,15.0,1.0,2.0,[],0.0,Random,No Config,HillClimb
994,5.0,16.0,15.0,0.0,0.0,[],0.0,Random,No Config,HillClimb
995,5.0,17.0,15.0,0.0,0.0,[],0.0,Random,No Config,HillClimb
996,5.0,16.0,15.0,0.0,0.0,[],0.0,Random,No Config,HillClimb
997,5.0,17.0,15.0,0.0,0.0,[],0.0,Random,No Config,HillClimb
998,5.0,17.0,15.0,0.0,0.0,[],0.0,Random,No Config,HillClimb
999,5.0,17.0,15.0,0.0,0.0,[],0.0,Random,No Config,HillClimb
1000,5.0,16.0,15.0,0.0,0.0,[],0.0,Random,No Config,HillClimb
1001,5.0,17.0,15.0,0.0,0.0,[],0.0,Random,No Config,HillClimb
1002,5.0,17.0,15.0,0.0,0.0,[],0.0,Random,No Config,HillClimb
1003,5.0,17.0,15.0,0.0,0.0,[],0.0,Random,No Config,HillClimb
1004,5.0,16.0,15.0,0.0,0.0,[],0.0,Random,No Config,HillClimb
1005,5.0,17.0,15.0,0.0,0.0,[],0.0,Random,No Config,HillClimb
1006,5.0,16.0,15.0,0.0,0.0,[],0.0,Random,No Config,HillClimb
1007,5.0,17.0,15.0,0.0,0.0,[],0.0,Random,No Config,HillClimb
1008,5.0,16.0,15.0,0.0,0.0,[],0.0,Random,No Config,HillClimb
1009,5.0,18.0,15.0,0.0,0.0,[],0.0,Random,No Config,HillClimb
1010,5.0,16.0,15.0,1.0,2.0,[],0.0,Random,No Config,HillClimb
1011,5.0,16.0,15.0,0.0,0.0,[],0.0,Random,No Config,HillClimb
1012,5.0,17.0,15.0,0.0,0.0,[],0.0,Random,No Config,HillClimb
1013,5.0,17.0,15.0,1.0,2.0,[],0.0,Random,No Config,HillClimb
1014,5.0,15.0,15.0,0.0,0.0,[],0.0,Random,No Config,HillClimb
1015,5.0,17.0,15.0,0.0,0.0,[],0.0,Random,No Config,HillClimb
1016,5.0,18.0,15.0,0.0,0.0,[],0.0,Random,No Config,HillClimb
1017,5.0,17.0,15.0,0.0,0.0,[],0.0,Random,No Config,HillClimb
1018,5.0,18.0,15.0,0.0,0.0,[],0.0,Random,No Config,HillClimb
1019,5.0,18.0,15.0,0.0,0.0,[],0.0,Random,No Config,HillClimb
1020,5.0,17.0,15.0,1.0,2.0,[],0.0,Random,No Config,HillClimb
1021,5.0,16.0,15.0,0.0,0.0,[],0.0,Random,No Config,HillClimb
1022,5.0,17.0,15.0,0.0,0.0,[],0.0,Random,No Config,HillClimb
1023,25.0,77.0,75.0,13.0,18.0,[],0.0,Random,No Config,HillClimb
1024,25.0,75.0,75.0,8.0,13.0,[],0.0,Random,No Config,HillClimb
1025,25.0,82.0,75.0,3.0,4.0,[],0.0,Random,No Config,HillClimb
1026,25.0,81.0,75.0,11.0,15.0,[],0.0,Random,No Config,HillClimb
1027,25.0,78.0,75.0,15.0,16.0,[],0.0,Random,No Config,HillClimb
1028,25.0,80.0,75.0,12.0,16.0,[],0.0,Random,No Config,HillClimb
1029,25.0,78.0,75.0,12.0,18.0,[],0.0,Random,No Config,HillClimb
1030,25.0,82.0,75.0,7.0,12.0,[],0.0,Random,No Config,HillClimb
1031,25.0,79.0,75.0,12.0,14.0,[],0.0,Random,No Config,HillClimb
1032,25.0,79.0,75.0,4.0,7.0,[],0.0,Random,No Config,HillClimb
1033,25.0,80.0,75.0,7.0,11.0,[],0.0,Random,No Config,HillClimb
1034,25.0,79.0,75.0,11.0,17.0,[],0.0,Random,No Config,HillClimb
1035,25.0,78.0,75.0,15.0,15.0,[],0.0,Random,No Config,HillClimb
1036,25.0,81.0,75.0,11.0,11.0,[],0.0,Random,No Config,HillClimb
1037,25.0,80.0,75.0,6.0,11.0,[],0.0,Random,No Config,HillClimb
1038,25.0,81.0,75.0,14.0,13.0,"[('P22087', 'P62244')]",1.0,Random,No Config,HillClimb
1039,25.0,83.0,75.0,5.0,9.0,[],0.0,Random,No Config,HillClimb
1040,25.0,78.0,75.0,9.0,12.0,[],0.0,Random,No Config,HillClimb
1041,25.0,77.0,75.0,30.0,18.0,[],0.0,Random,No Config,HillClimb
1042,25.0,79.0,75.0,10.0,15.0,[],0.0,Random,No Config,HillClimb
1043,25.0,79.0,75.0,11.0,16.0,[],0.0,Random,No Config,HillClimb
1044,25.0,82.0,75.0,3.0,5.0,[],0.0,Random,No Config,HillClimb
1045,25.0,77.0,75.0,16.0,21.0,"[('ENSG00000132681', 'P16615')]",1.0,Random,No Config,HillClimb
1046,25.0,76.0,75.0,16.0,18.0,[],0.0,Random,No Config,HillClimb
1047,25.0,77.0,75.0,17.0,20.0,[],0.0,Random,No Config,HillClimb
1048,25.0,80.0,75.0,6.0,10.0,[],0.0,Random,No Config,HillClimb
1049,25.0,78.0,75.0,26.0,18.0,[],0.0,Random,No Config,HillClimb
1050,25.0,80.0,75.0,16.0,18.0,[],0.0,Random,No Config,HillClimb
1051,25.0,79.0,75.0,18.0,21.0,[],0.0,Random,No Config,HillClimb
1052,25.0,81.0,75.0,22.0,31.0,[],0.0,Random,No Config,HillClimb
1053,25.0,80.0,75.0,3.0,5.0,[],0.0,Random,No Config,HillClimb
1054,25.0,77.0,75.0,17.0,19.0,[],0.0,Random,No Config,HillClimb
1055,25.0,76.0,75.0,23.0,25.0,[],0.0,Random,No Config,HillClimb
1056,25.0,80.0,75.0,6.0,10.0,[],0.0,Random,No Config,HillClimb
1057,25.0,84.0,75.0,17.0,21.0,[],0.0,Random,No Config,HillClimb
1058,25.0,81.0,75.0,9.0,17.0,[],0.0,Random,No Config,HillClimb
1059,25.0,77.0,75.0,12.0,15.0,[],0.0,Random,No Config,HillClimb
1060,25.0,78.0,75.0,6.0,11.0,[],0.0,Random,No Config,HillClimb
1061,25.0,81.0,75.0,10.0,15.0,[],0.0,Random,No Config,HillClimb
1062,25.0,80.0,75.0,18.0,15.0,"[('Q14974', 'P17987')]",1.0,Random,No Config,HillClimb
1063,25.0,79.0,75.0,22.0,19.0,[],0.0,Random,No Config,HillClimb
1064,25.0,78.0,75.0,16.0,17.0,[],0.0,Random,No Config,HillClimb
1065,25.0,79.0,75.0,9.0,15.0,[],0.0,Random,No Config,HillClimb
1066,25.0,76.0,75.0,20.0,22.0,"[('P50990', 'P39019')]",1.0,Random,No Config,HillClimb
1067,25.0,79.0,75.0,3.0,6.0,[],0.0,Random,No Config,HillClimb
1068,25.0,77.0,75.0,6.0,9.0,[],0.0,Random,No Config,HillClimb
1069,25.0,77.0,75.0,9.0,13.0,[],0.0,Random,No Config,HillClimb
1070,25.0,79.0,75.0,8.0,8.0,[],0.0,Random,No Config,HillClimb
1071,25.0,82.0,75.0,6.0,10.0,[],0.0,Random,No Config,HillClimb
1072,25.0,78.0,75.0,19.0,21.0,[],0.0,Random,No Config,HillClimb
1073,25.0,79.0,75.0,20.0,21.0,"[('ENSG00000172575', 'ENSG00000100346')]",1.0,Random,No Config,HillClimb
1074,25.0,78.0,75.0,14.0,19.0,[],0.0,Random,No Config,HillClimb
1075,25.0,77.0,75.0,11.0,15.0,[],0.0,Random,No Config,HillClimb
1076,25.0,80.0,75.0,11.0,14.0,[],0.0,Random,No Config,HillClimb
1077,25.0,76.0,75.0,4.0,6.0,[],0.0,Random,No Config,HillClimb
1078,25.0,79.0,75.0,11.0,15.0,[],0.0,Random,No Config,HillClimb
1079,25.0,80.0,75.0,8.0,14.0,[],0.0,Random,No Config,HillClimb
1080,25.0,76.0,75.0,15.0,15.0,[],0.0,Random,No Config,HillClimb
1081,25.0,79.0,75.0,6.0,11.0,[],0.0,Random,No Config,HillClimb
1082,25.0,78.0,75.0,22.0,20.0,[],0.0,Random,No Config,HillClimb
1083,25.0,77.0,75.0,10.0,13.0,[],0.0,Random,No Config,HillClimb
1084,25.0,79.0,75.0,11.0,16.0,[],0.0,Random,No Config,HillClimb
1085,25.0,78.0,75.0,18.0,21.0,[],0.0,Random,No Config,HillClimb
1086,25.0,78.0,75.0,13.0,13.0,"[('P10809', 'P62826')]",1.0,Random,No Config,HillClimb
1087,25.0,78.0,75.0,7.0,9.0,[],0.0,Random,No Config,HillClimb
1088,25.0,78.0,75.0,8.0,14.0,"[('Q06830', 'P78417')]",1.0,Random,No Config,HillClimb
1089,25.0,80.0,75.0,18.0,20.0,[],0.0,Random,No Config,HillClimb
1090,25.0,76.0,75.0,14.0,17.0,"[('ENSG00000102967', 'P00966')]",1.0,Random,No Config,HillClimb
1091,25.0,79.0,75.0,10.0,13.0,[],0.0,Random,No Config,HillClimb
1092,25.0,79.0,75.0,14.0,18.0,[],0.0,Random,No Config,HillClimb
1093,25.0,76.0,75.0,20.0,19.0,"[('P02743', 'P02763')]",1.0,Random,No Config,HillClimb
1094,25.0,79.0,75.0,7.0,11.0,[],0.0,Random,No Config,HillClimb
1095,25.0,81.0,75.0,16.0,21.0,[],0.0,Random,No Config,HillClimb
1096,25.0,80.0,75.0,19.0,25.0,[],0.0,Random,No Config,HillClimb
1097,25.0,77.0,75.0,27.0,23.0,"[('P17987', 'P63244')]",1.0,Random,No Config,HillClimb
1098,25.0,80.0,75.0,32.0,25.0,[],0.0,Random,No Config,HillClimb
1099,25.0,77.0,75.0,10.0,15.0,[],0.0,Random,No Config,HillClimb
1100,25.0,80.0,75.0,9.0,15.0,[],0.0,Random,No Config,HillClimb
1101,25.0,80.0,75.0,8.0,12.0,[],0.0,Random,No Config,HillClimb
1102,25.0,79.0,75.0,15.0,22.0,[],0.0,Random,No Config,HillClimb
1103,25.0,81.0,75.0,20.0,20.0,"[('ENSG00000175445', 'P0DJI9')]",1.0,Random,No Config,HillClimb
1104,25.0,78.0,75.0,14.0,18.0,[],0.0,Random,No Config,HillClimb
1105,25.0,77.0,75.0,16.0,17.0,"[('P14136', 'P07196')]",1.0,Random,No Config,HillClimb
1106,25.0,78.0,75.0,7.0,8.0,[],0.0,Random,No Config,HillClimb
1107,25.0,77.0,75.0,16.0,19.0,[],0.0,Random,No Config,HillClimb
1108,25.0,78.0,75.0,5.0,9.0,[],0.0,Random,No Config,HillClimb
1109,25.0,78.0,75.0,24.0,17.0,[],0.0,Random,No Config,HillClimb
1110,25.0,81.0,75.0,9.0,12.0,[],0.0,Random,No Config,HillClimb
1111,25.0,78.0,75.0,14.0,18.0,[],0.0,Random,No Config,HillClimb
1112,25.0,78.0,75.0,11.0,14.0,[],0.0,Random,No Config,HillClimb
1113,25.0,78.0,75.0,11.0,17.0,[],0.0,Random,No Config,HillClimb
1114,25.0,77.0,75.0,21.0,19.0,[],0.0,Random,No Config,HillClimb
1115,25.0,79.0,75.0,9.0,15.0,[],0.0,Random,No Config,HillClimb
1116,25.0,81.0,75.0,21.0,17.0,[],0.0,Random,No Config,HillClimb
1117,25.0,78.0,75.0,6.0,11.0,[],0.0,Random,No Config,HillClimb
1118,25.0,9.0,17.0,0.0,0.0,[],0.0,OnPLs,No Config,PC
1119,25.0,9.0,17.0,0.0,0.0,[],0.0,OnPLs,No Config,PC
1120,25.0,9.0,17.0,0.0,0.0,[],0.0,OnPLs,No Config,PC
1121,25.0,9.0,17.0,0.0,0.0,[],0.0,OnPLs,No Config,PC
1122,25.0,9.0,17.0,0.0,0.0,[],0.0,OnPLs,No Config,PC
1123,25.0,9.0,17.0,0.0,0.0,[],0.0,OnPLs,No Config,PC
1124,25.0,9.0,17.0,0.0,0.0,[],0.0,OnPLs,No Config,PC
1125,25.0,9.0,17.0,0.0,0.0,[],0.0,OnPLs,No Config,PC
1126,25.0,9.0,17.0,0.0,0.0,[],0.0,OnPLs,No Config,PC
1127,25.0,9.0,17.0,0.0,0.0,[],0.0,OnPLs,No Config,PC
1128,25.0,9.0,17.0,0.0,0.0,[],0.0,OnPLs,No Config,PC
1129,25.0,9.0,17.0,0.0,0.0,[],0.0,OnPLs,No Config,PC
1130,25.0,9.0,17.0,0.0,0.0,[],0.0,OnPLs,No Config,PC
1131,25.0,9.0,17.0,0.0,0.0,[],0.0,OnPLs,No Config,PC
1132,25.0,9.0,17.0,0.0,0.0,[],0.0,OnPLs,No Config,PC
1133,25.0,9.0,17.0,0.0,0.0,[],0.0,OnPLs,No Config,PC
1134,25.0,9.0,17.0,0.0,0.0,[],0.0,OnPLs,No Config,PC
1135,25.0,9.0,17.0,0.0,0.0,[],0.0,OnPLs,No Config,PC
1136,25.0,9.0,17.0,0.0,0.0,[],0.0,OnPLs,No Config,PC
1137,25.0,9.0,17.0,0.0,0.0,[],0.0,OnPLs,No Config,PC
1138,25.0,9.0,17.0,0.0,0.0,[],0.0,OnPLs,No Config,PC
1139,25.0,9.0,17.0,0.0,0.0,[],0.0,OnPLs,No Config,PC
1140,25.0,9.0,17.0,0.0,0.0,[],0.0,OnPLs,No Config,PC
1141,25.0,9.0,17.0,0.0,0.0,[],0.0,OnPLs,No Config,PC
1142,25.0,9.0,17.0,0.0,0.0,[],0.0,OnPLs,No Config,PC
1143,25.0,9.0,17.0,0.0,0.0,[],0.0,OnPLs,No Config,PC
1144,25.0,9.0,17.0,0.0,0.0,[],0.0,OnPLs,No Config,PC
1145,25.0,9.0,17.0,0.0,0.0,[],0.0,OnPLs,No Config,PC
1146,25.0,9.0,17.0,0.0,0.0,[],0.0,OnPLs,No Config,PC
1147,25.0,9.0,17.0,0.0,0.0,[],0.0,OnPLs,No Config,PC
1148,25.0,9.0,17.0,0.0,0.0,[],0.0,OnPLs,No Config,PC
1149,25.0,9.0,17.0,0.0,0.0,[],0.0,OnPLs,No Config,PC
1150,25.0,9.0,17.0,0.0,0.0,[],0.0,OnPLs,No Config,PC
1151,25.0,9.0,17.0,0.0,0.0,[],0.0,OnPLs,No Config,PC
1152,25.0,9.0,17.0,0.0,0.0,[],0.0,OnPLs,No Config,PC
1153,25.0,9.0,17.0,0.0,0.0,[],0.0,OnPLs,No Config,PC
1154,25.0,9.0,17.0,0.0,0.0,[],0.0,OnPLs,No Config,PC
1155,25.0,9.0,17.0,0.0,0.0,[],0.0,OnPLs,No Config,PC
1156,25.0,9.0,17.0,0.0,0.0,[],0.0,OnPLs,No Config,PC
1157,25.0,9.0,17.0,0.0,0.0,[],0.0,OnPLs,No Config,PC
1158,25.0,9.0,17.0,0.0,0.0,[],0.0,OnPLs,No Config,PC
1159,25.0,9.0,17.0,0.0,0.0,[],0.0,OnPLs,No Config,PC
1160,25.0,9.0,17.0,0.0,0.0,[],0.0,OnPLs,No Config,PC
1161,25.0,9.0,17.0,0.0,0.0,[],0.0,OnPLs,No Config,PC
1162,25.0,9.0,17.0,0.0,0.0,[],0.0,OnPLs,No Config,PC
1163,25.0,9.0,17.0,0.0,0.0,[],0.0,OnPLs,No Config,PC
1164,25.0,9.0,17.0,0.0,0.0,[],0.0,OnPLs,No Config,PC
1165,25.0,9.0,17.0,0.0,0.0,[],0.0,OnPLs,No Config,PC
1166,25.0,9.0,17.0,0.0,0.0,[],0.0,OnPLs,No Config,PC
1167,25.0,9.0,17.0,0.0,0.0,[],0.0,OnPLs,No Config,PC
1168,25.0,9.0,17.0,0.0,0.0,[],0.0,OnPLs,No Config,PC
1169,25.0,9.0,17.0,0.0,0.0,[],0.0,OnPLs,No Config,PC
1170,25.0,9.0,17.0,0.0,0.0,[],0.0,OnPLs,No Config,PC
1171,25.0,9.0,17.0,0.0,0.0,[],0.0,OnPLs,No Config,PC
1172,25.0,9.0,17.0,0.0,0.0,[],0.0,OnPLs,No Config,PC
1173,25.0,9.0,17.0,0.0,0.0,[],0.0,OnPLs,No Config,PC
1174,25.0,9.0,17.0,0.0,0.0,[],0.0,OnPLs,No Config,PC
1175,25.0,9.0,17.0,0.0,0.0,[],0.0,OnPLs,No Config,PC
1176,25.0,9.0,17.0,0.0,0.0,[],0.0,OnPLs,No Config,PC
1177,25.0,9.0,17.0,0.0,0.0,[],0.0,OnPLs,No Config,PC
1178,25.0,9.0,17.0,0.0,0.0,[],0.0,OnPLs,No Config,PC
1179,25.0,9.0,17.0,0.0,0.0,[],0.0,OnPLs,No Config,PC
1180,25.0,9.0,17.0,0.0,0.0,[],0.0,OnPLs,No Config,PC
1181,25.0,9.0,17.0,0.0,0.0,[],0.0,OnPLs,No Config,PC
1182,25.0,9.0,17.0,0.0,0.0,[],0.0,OnPLs,No Config,PC
1183,25.0,9.0,17.0,0.0,0.0,[],0.0,OnPLs,No Config,PC
1184,25.0,9.0,17.0,0.0,0.0,[],0.0,OnPLs,No Config,PC
1185,25.0,9.0,17.0,0.0,0.0,[],0.0,OnPLs,No Config,PC
1186,25.0,9.0,17.0,0.0,0.0,[],0.0,OnPLs,No Config,PC
1187,25.0,9.0,17.0,0.0,0.0,[],0.0,OnPLs,No Config,PC
1188,25.0,9.0,17.0,0.0,0.0,[],0.0,OnPLs,No Config,PC
1189,25.0,9.0,17.0,0.0,0.0,[],0.0,OnPLs,No Config,PC
1190,25.0,9.0,17.0,0.0,0.0,[],0.0,OnPLs,No Config,PC
1191,25.0,9.0,17.0,0.0,0.0,[],0.0,OnPLs,No Config,PC
1192,25.0,9.0,17.0,0.0,0.0,[],0.0,OnPLs,No Config,PC
1193,25.0,9.0,17.0,0.0,0.0,[],0.0,OnPLs,No Config,PC
1194,25.0,9.0,17.0,0.0,0.0,[],0.0,OnPLs,No Config,PC
1195,25.0,9.0,17.0,0.0,0.0,[],0.0,OnPLs,No Config,PC
1196,25.0,9.0,17.0,0.0,0.0,[],0.0,OnPLs,No Config,PC
1197,25.0,9.0,17.0,0.0,0.0,[],0.0,OnPLs,No Config,PC
1198,25.0,9.0,17.0,0.0,0.0,[],0.0,OnPLs,No Config,PC
1199,25.0,9.0,17.0,0.0,0.0,[],0.0,OnPLs,No Config,PC
1200,25.0,9.0,17.0,0.0,0.0,[],0.0,OnPLs,No Config,PC
1201,25.0,9.0,17.0,0.0,0.0,[],0.0,OnPLs,No Config,PC
1202,25.0,9.0,17.0,0.0,0.0,[],0.0,OnPLs,No Config,PC
1203,25.0,9.0,17.0,0.0,0.0,[],0.0,OnPLs,No Config,PC
1204,25.0,9.0,17.0,0.0,0.0,[],0.0,OnPLs,No Config,PC
1205,25.0,9.0,17.0,0.0,0.0,[],0.0,OnPLs,No Config,PC
1206,25.0,9.0,17.0,0.0,0.0,[],0.0,OnPLs,No Config,PC
1207,25.0,9.0,17.0,0.0,0.0,[],0.0,OnPLs,No Config,PC
1208,25.0,9.0,17.0,0.0,0.0,[],0.0,OnPLs,No Config,PC
1209,25.0,9.0,17.0,0.0,0.0,[],0.0,OnPLs,No Config,PC
1210,25.0,9.0,17.0,0.0,0.0,[],0.0,OnPLs,No Config,PC
1211,25.0,9.0,17.0,0.0,0.0,[],0.0,OnPLs,No Config,PC
1212,25.0,9.0,17.0,0.0,0.0,[],0.0,OnPLs,No Config,PC
1213,25.0,9.0,17.0,0.0,0.0,[],0.0,OnPLs,No Config,PC
1214,25.0,9.0,17.0,0.0,0.0,[],0.0,OnPLs,No Config,PC
1215,25.0,9.0,17.0,0.0,0.0,[],0.0,OnPLs,No Config,PC
1216,25.0,9.0,17.0,0.0,0.0,[],0.0,OnPLs,No Config,PC
1217,25.0,9.0,17.0,0.0,0.0,[],0.0,OnPLs,No Config,PC
1218,15.0,49.0,45.0,6.0,8.0,[],0.0,OnPLs,No Config,HillClimb
1219,15.0,50.0,45.0,14.0,17.0,"[('P49418', 'Q9BY11'), ('P61981', 'Q9Y2J2')]",2.0,OnPLs,No Config,HillClimb
1220,15.0,50.0,45.0,14.0,17.0,"[('P49418', 'Q9BY11'), ('P61981', 'Q9Y2J2')]",2.0,OnPLs,No Config,HillClimb
1221,15.0,50.0,45.0,14.0,17.0,"[('P49418', 'Q9BY11'), ('P61981', 'Q9Y2J2'), ('ENSG00000109320', 'ENSG00000166165')]",3.0,OnPLs,No Config,HillClimb
1222,15.0,50.0,45.0,14.0,17.0,"[('P49418', 'Q9BY11'), ('P61981', 'Q9Y2J2')]",2.0,OnPLs,No Config,HillClimb
1223,15.0,50.0,45.0,14.0,17.0,"[('P49418', 'Q9BY11'), ('P61981', 'Q9Y2J2')]",2.0,OnPLs,No Config,HillClimb
1224,15.0,50.0,45.0,14.0,17.0,"[('P49418', 'Q9BY11'), ('P61981', 'Q9Y2J2')]",2.0,OnPLs,No Config,HillClimb
1225,15.0,50.0,45.0,14.0,17.0,"[('P49418', 'Q9BY11'), ('P61981', 'Q9Y2J2')]",2.0,OnPLs,No Config,HillClimb(6tiers)
1226,15.0,50.0,45.0,14.0,17.0,"[('P49418', 'Q9BY11'), ('P61981', 'Q9Y2J2')]",2.0,OnPLs,No Config,HillClimb(6tiers)
1227,15.0,50.0,45.0,14.0,17.0,"[('P49418', 'Q9BY11'), ('P61981', 'Q9Y2J2')]",2.0,OnPLs,No Config,HillClimb(6tiers)
1228,15.0,50.0,45.0,14.0,17.0,"[('P49418', 'Q9BY11'), ('P61981', 'Q9Y2J2')]",2.0,OnPLs,No Config,HillClimb(6tiers)
1229,15.0,50.0,45.0,14.0,17.0,"[('P49418', 'Q9BY11'), ('P61981', 'Q9Y2J2')]",2.0,OnPLs,No Config,HillClimb(6tiers)
1230,15.0,50.0,45.0,14.0,17.0,"[('P49418', 'Q9BY11'), ('P61981', 'Q9Y2J2')]",2.0,OnPLs,No Config,HillClimb(6tiers)
1231,15.0,50.0,45.0,14.0,17.0,"[('P49418', 'Q9BY11'), ('P61981', 'Q9Y2J2')]",2.0,OnPLs,No Config,HillClimb(6tiers)
1232,15.0,50.0,45.0,14.0,17.0,"[('P49418', 'Q9BY11'), ('P61981', 'Q9Y2J2')]",2.0,OnPLs,No Config,HillClimb(6tiers)
1233,15.0,50.0,45.0,14.0,17.0,"[('P49418', 'Q9BY11'), ('P61981', 'Q9Y2J2')]",2.0,OnPLs,No Config,HillClimb(6tiers)
1234,15.0,50.0,45.0,14.0,17.0,"[('P49418', 'Q9BY11'), ('P61981', 'Q9Y2J2')]",2.0,OnPLs,No Config,HillClimb(6tiers)
1235,15.0,50.0,45.0,14.0,17.0,"[('P49418', 'Q9BY11'), ('P61981', 'Q9Y2J2')]",2.0,OnPLs,No Config,HillClimb(6tiers)
1236,15.0,50.0,45.0,14.0,17.0,"[('P49418', 'Q9BY11'), ('P61981', 'Q9Y2J2')]",2.0,OnPLs,No Config,HillClimb(6tiers)
1237,15.0,50.0,45.0,14.0,17.0,"[('P49418', 'Q9BY11'), ('P61981', 'Q9Y2J2')]",2.0,OnPLs,No Config,HillClimb(6tiers)
1238,15.0,50.0,45.0,14.0,17.0,"[('P49418', 'Q9BY11'), ('P61981', 'Q9Y2J2')]",2.0,OnPLs,No Config,HillClimb(6tiers)
1239,15.0,50.0,45.0,14.0,17.0,"[('P49418', 'Q9BY11'), ('P61981', 'Q9Y2J2')]",2.0,OnPLs,No Config,HillClimb(6tiers)
1240,15.0,50.0,45.0,14.0,17.0,"[('P49418', 'Q9BY11'), ('P61981', 'Q9Y2J2')]",2.0,OnPLs,No Config,HillClimb(6tiers)
1241,15.0,50.0,45.0,14.0,17.0,"[('P49418', 'Q9BY11'), ('P61981', 'Q9Y2J2')]",2.0,OnPLs,No Config,HillClimb(6tiers)
1242,15.0,50.0,45.0,14.0,17.0,"[('P49418', 'Q9BY11'), ('P61981', 'Q9Y2J2')]",2.0,OnPLs,No Config,HillClimb(6tiers)
1243,15.0,50.0,45.0,14.0,17.0,"[('P49418', 'Q9BY11'), ('P61981', 'Q9Y2J2')]",2.0,OnPLs,No Config,HillClimb(6tiers)
1244,15.0,50.0,45.0,14.0,17.0,"[('P49418', 'Q9BY11'), ('P61981', 'Q9Y2J2')]",2.0,OnPLs,No Config,HillClimb(6tiers)
1245,15.0,50.0,45.0,14.0,17.0,"[('P49418', 'Q9BY11'), ('P61981', 'Q9Y2J2')]",2.0,OnPLs,No Config,HillClimb(6tiers)
1246,15.0,50.0,45.0,14.0,17.0,"[('P49418', 'Q9BY11'), ('P61981', 'Q9Y2J2')]",2.0,OnPLs,No Config,HillClimb(6tiers)
1247,15.0,50.0,45.0,14.0,17.0,"[('P49418', 'Q9BY11'), ('P61981', 'Q9Y2J2')]",2.0,OnPLs,No Config,HillClimb(6tiers)
1248,15.0,50.0,45.0,14.0,17.0,"[('P49418', 'Q9BY11'), ('P61981', 'Q9Y2J2')]",2.0,OnPLs,No Config,HillClimb(6tiers)
1249,15.0,50.0,45.0,14.0,17.0,"[('P49418', 'Q9BY11'), ('P61981', 'Q9Y2J2')]",2.0,OnPLs,No Config,HillClimb(6tiers)
1250,15.0,50.0,45.0,14.0,17.0,"[('P49418', 'Q9BY11'), ('P61981', 'Q9Y2J2')]",2.0,OnPLs,No Config,HillClimb(6tiers)
1251,15.0,50.0,45.0,14.0,17.0,"[('P49418', 'Q9BY11'), ('P61981', 'Q9Y2J2')]",2.0,OnPLs,No Config,HillClimb(6tiers)
1252,15.0,50.0,45.0,14.0,17.0,"[('P49418', 'Q9BY11'), ('P61981', 'Q9Y2J2'), ('ENSG00000109320', 'ENSG00000166165')]",3.0,OnPLs,No Config,HillClimb(6tiers)
1253,15.0,50.0,45.0,14.0,17.0,"[('P49418', 'Q9BY11'), ('P61981', 'Q9Y2J2')]",2.0,OnPLs,No Config,HillClimb(6tiers)
1254,15.0,50.0,45.0,14.0,17.0,"[('P49418', 'Q9BY11'), ('P61981', 'Q9Y2J2')]",2.0,OnPLs,No Config,HillClimb(6tiers)
1255,15.0,50.0,45.0,14.0,17.0,"[('P49418', 'Q9BY11'), ('P61981', 'Q9Y2J2'), ('ENSG00000109320', 'ENSG00000166165')]",3.0,OnPLs,No Config,HillClimb(6tiers)
1256,15.0,50.0,45.0,14.0,17.0,"[('P49418', 'Q9BY11'), ('P61981', 'Q9Y2J2')]",2.0,OnPLs,No Config,HillClimb(6tiers)
1257,15.0,50.0,45.0,14.0,17.0,"[('P49418', 'Q9BY11'), ('P61981', 'Q9Y2J2')]",2.0,OnPLs,No Config,HillClimb(6tiers)
1258,15.0,50.0,45.0,14.0,17.0,"[('P49418', 'Q9BY11'), ('P61981', 'Q9Y2J2')]",2.0,OnPLs,No Config,HillClimb(6tiers)
1259,15.0,50.0,45.0,14.0,17.0,"[('P49418', 'Q9BY11'), ('P61981', 'Q9Y2J2')]",2.0,OnPLs,No Config,HillClimb(6tiers)
1260,15.0,50.0,45.0,14.0,17.0,"[('P49418', 'Q9BY11'), ('P61981', 'Q9Y2J2')]",2.0,OnPLs,No Config,HillClimb(6tiers)
1261,15.0,50.0,45.0,14.0,17.0,"[('P49418', 'Q9BY11'), ('P61981', 'Q9Y2J2')]",2.0,OnPLs,No Config,HillClimb(6tiers)
0,5.0,17.0,15.0,2.0,4.0,[],0.0,OnPLs,No Config,HillClimb(6tiers)
0,5.0,17.0,15.0,2.0,4.0,[],0.0,OnPLs,No Config,HillClimb(6tiers)
0,5.0,19.0,16.0,0.0,0.0,[],0.0,OnPLs,No Config,HillClimb(6tiers)
0,5.0,17.0,15.0,2.0,4.0,[],0.0,OnPLs,No Config,HillClimb
0,15.0,50.0,45.0,14.0,17.0,"[('P49418', 'Q9BY11'), ('P61981', 'Q9Y2J2')]",2.0,OnPLs,No Config,HillClimb
0,15.0,50.0,45.0,14.0,17.0,"[('P49418', 'Q9BY11'), ('P61981', 'Q9Y2J2')]",2.0,OnPLs,No Config,HillClimb
0,15.0,50.0,45.0,14.0,17.0,"[('P49418', 'Q9BY11'), ('P61981', 'Q9Y2J2')]",2.0,OnPLs,No Config,HillClimb
